Spectrum,Type,Name,Norm,Time/h,Na2O,Na2O.err,MgO,MgO.err,Al2O3,Al2O3.err,SiO2,SiO2.err,P2O5,P2O5.err,SO3,SO3.err,Cl,Cl.err,K2O,K2O.err,CaO,CaO.err,TiO2,TiO2.err,Cr2O3,Cr2O3.err,MnO,MnO.err,FeO,FeO.err,Ni,Ni.err,Zn,Zn.err,Br,Br.err
B011_CS,SU,Tarmac,50,7.5,1.83,0.28,7.58,0.12,9.26,0.13,46.30,0.47,0.83,0.08,4.99,0.08,0.63,0.02,0.47,0.06,7.31,0.06,1.04,0.07,0.45,0.04,0.37,0.01,18.80,0.13,423,57,241,20,32,17
B015_S,RU,Robert.E,93,1.4,1.56,0.88,8.29,0.21,7.46,0.18,39.60,0.49,0.97,0.19,19.42,0.28,0.81,0.03,0.57,0.07,5.03,0.07,0.74,0.12,0.19,0.04,0.28,0.04,15.00,0.14,597,72,569,34,7,21
B023_CS,SU,Hematite_Slope_Hema2,62,5.0,2.12,0.26,7.50,0.12,8.59,0.13,42.70,0.45,0.81,0.08,4.77,0.08,0.68,0.02,0.43,0.06,6.13,0.06,0.78,0.07,0.30,0.04,0.31,0.01,24.80,0.17,633,64,312,24,37,19
B025_CS,ST,Trench_floor,68,5.0,2.03,0.24,7.49,0.11,9.21,0.12,45.90,0.38,0.80,0.08,6.96,0.09,0.70,0.02,0.49,0.06,6.69,0.06,1.13,0.08,0.40,0.04,0.35,0.01,17.70,0.11,634,61,428,24,159,21
B026_CS,ST,Trench_sidewall,58,5.1,1.92,0.30,7.42,0.13,9.05,0.14,45.30,0.48,0.75,0.08,5.69,0.09,0.59,0.02,0.45,0.06,6.72,0.06,1.24,0.08,0.46,0.04,0.36,0.02,19.90,0.15,631,69,348,28,130,21
B029_CS,RU,McKittrick_asis,95,5.0,2.28,0.25,8.14,0.12,8.39,0.12,43.10,0.41,0.97,0.08,12.73,0.14,0.87,0.02,0.53,0.06,5.72,0.05,0.87,0.07,0.26,0.03,0.30,0.01,15.70,0.11,588,49,295,16,211,18
B030_CS,RU,Guadalupe_asis,75,3.4,1.88,0.30,7.95,0.14,7.26,0.12,40.30,0.44,1.01,0.09,18.75,0.22,0.87,0.02,0.58,0.06,4.92,0.05,0.84,0.08,0.17,0.04,0.30,0.01,15.10,0.12,657,60,373,23,43,19
B031_CS,RR,McKittrick_RAT,81,4.4,1.67,0.27,8.00,0.13,6.20,0.12,38.30,0.40,0.99,0.09,21.31,0.22,0.60,0.02,0.56,0.06,4.42,0.05,0.81,0.08,0.19,0.03,0.30,0.01,16.50,0.12,735,56,279,19,342,21
B036_CS,RR,Guadalupe_RAT,100,3.9,1.66,0.26,8.45,0.12,5.85,0.10,36.20,0.37,0.97,0.09,24.91,0.25,0.50,0.01,0.53,0.06,4.91,0.05,0.65,0.07,0.17,0.03,0.30,0.01,14.80,0.11,589,50,324,17,30,16
B040_CS,RU,Last_Chance_Makar_asis,94,6.5,2.09,0.23,7.65,0.10,7.06,0.09,38.40,0.36,1.00,0.08,18.91,0.18,0.90,0.02,0.56,0.06,4.84,0.04,0.70,0.06,0.16,0.03,0.30,0.01,17.40,0.11,686,48,397,16,32,15
B041_S,RU,Dells_HiHo_asis,86,0.5,2.40,1.36,8.10,0.35,8.75,0.35,43.90,0.76,0.97,0.30,11.42,0.31,0.84,0.05,0.55,0.08,5.70,0.11,0.94,0.24,0.29,0.06,0.33,0.08,15.60,0.21,625,109,292,49,346,39
B043_CS,RU,Mojo2_asis,91,4.3,2.26,0.25,7.82,0.12,8.39,0.12,43.00,0.43,0.98,0.08,12.97,0.15,0.86,0.02,0.56,0.06,5.98,0.05,0.88,0.07,0.23,0.03,0.29,0.01,15.60,0.11,633,52,414,19,90,17
B045_CS,RR,Mojo2_RAT,86,3.9,1.64,0.27,8.38,0.13,6.18,0.10,36.30,0.38,1.01,0.09,23.61,0.24,0.54,0.02,0.59,0.06,5.19,0.05,0.74,0.07,0.20,0.03,0.26,0.01,15.30,0.12,656,54,427,21,105,19
B046B_CS,RU,BerryBowl_Rubel_Full,93,13.0,2.29,0.21,6.82,0.09,8.02,0.12,39.50,0.34,0.76,0.07,5.60,0.06,0.72,0.01,0.38,0.06,5.24,0.04,0.70,0.06,0.27,0.03,0.27,0.01,29.30,0.15,801,45,331,13,41,15
B048_CS,RU,BerryBowl_Empty,91,3.7,2.11,0.27,7.86,0.13,8.12,0.12,42.70,0.44,0.97,0.08,14.08,0.16,0.99,0.02,0.56,0.06,5.51,0.05,0.84,0.07,0.20,0.03,0.34,0.01,15.60,0.12,607,53,426,21,103,19
B049_S,RU,RasperryNewton,91,0.3,2.29,1.06,8.41,0.31,8.34,0.27,41.40,0.65,1.01,0.25,15.19,0.37,0.93,0.06,0.61,0.08,5.29,0.12,0.84,0.22,0.16,0.06,0.27,0.07,15.10,0.21,553,119,460,63,177,36
B051_CS,RU,RealSharksTooth_enamel1_asis,97,3.3,2.16,0.25,8.16,0.13,6.99,0.11,38.30,0.40,0.99,0.08,18.70,0.20,0.85,0.02,0.52,0.06,4.37,0.05,0.67,0.07,0.17,0.03,0.24,0.01,17.70,0.13,653,55,388,21,100,18
B060_CS,SU,MontBlanc_LeHauches,67,12.8,2.24,0.19,7.63,0.08,9.22,0.09,45.30,0.29,0.94,0.07,7.34,0.07,0.79,0.01,0.48,0.06,6.59,0.04,1.02,0.07,0.33,0.03,0.34,0.01,17.60,0.07,470,42,404,14,26,14
B066_CS,RU,BounceRock_Glanz,53,4.0,1.97,0.32,6.56,0.14,9.68,0.16,48.50,0.50,0.99,0.09,3.66,0.08,0.57,0.02,0.27,0.06,10.93,0.10,0.83,0.09,0.10,0.04,0.42,0.02,15.50,0.11,153,63,110,25,41,21
B068_CS,RR,BounceRock_Case_Rat,89,4.3,1.66,0.25,6.84,0.11,10.48,0.14,51.60,0.51,0.92,0.08,0.56,0.03,0.10,0.01,0.11,0.05,12.09,0.09,0.74,0.07,0.11,0.03,0.40,0.01,14.40,0.11,81,42,38,12,39,17
B070_CS,RU,BounceRock_Maggie,104,4.5,2.16,0.25,7.65,0.12,10.74,0.16,47.50,0.45,0.88,0.08,4.63,0.07,0.94,0.02,0.27,0.06,9.83,0.07,0.69,0.07,0.12,0.03,0.37,0.01,14.20,0.10,162,40,145,12,33,15
B080_CS,SU,JackRussel_SoilBesi,64,2.7,2.21,0.27,6.81,0.13,7.66,0.13,38.60,0.47,0.77,0.08,4.90,0.10,0.68,0.02,0.37,0.06,5.10,0.06,0.68,0.07,0.30,0.04,0.27,0.02,31.50,0.24,882,84,304,31,35,23
B081_CS,ST,BeagleBurrow_Trench,66,4.0,2.34,0.29,7.59,0.14,9.88,0.15,47.10,0.50,0.74,0.08,4.57,0.08,0.49,0.02,0.41,0.06,6.73,0.07,1.23,0.08,0.48,0.04,0.36,0.02,17.90,0.14,592,66,256,25,40,21
B087_CS,RR,Golf_Post_RAT_FRAM,71,10.4,1.50,0.22,8.63,0.11,5.82,0.08,34.70,0.33,0.97,0.08,25.21,0.22,0.66,0.01,0.50,0.06,4.82,0.04,0.76,0.06,0.19,0.03,0.36,0.01,15.70,0.10,634,45,526,16,33,15
B090_CS,SD,Scuff_Nougat,90,8.7,2.35,0.23,7.78,0.11,9.25,0.14,45.60,0.41,0.86,0.07,5.81,0.07,0.60,0.01,0.44,0.06,6.70,0.05,1.09,0.07,0.46,0.03,0.38,0.01,18.50,0.11,456,43,320,14,232,17
B091_CS,SU,Fred_Ripple_soil,94,4.0,2.34,0.23,7.27,0.11,7.67,0.11,38.80,0.39,0.82,0.08,4.83,0.08,0.70,0.02,0.34,0.06,4.93,0.05,0.70,0.07,0.28,0.03,0.28,0.01,30.90,0.20,1089,66,361,22,53,19
B100_CS,SU,Leahs_Choice,81,5.1,2.44,0.23,6.89,0.11,7.82,0.11,39.20,0.39,0.82,0.08,5.95,0.08,0.77,0.02,0.38,0.06,5.14,0.05,0.72,0.07,0.25,0.03,0.28,0.01,29.20,0.18,773,60,331,20,46,19
B106_CS,RU,LionStone_Leo_asis,95,5.0,1.98,0.25,8.03,0.12,7.21,0.11,39.70,0.39,0.98,0.08,18.80,0.19,1.00,0.02,0.57,0.06,5.11,0.04,0.78,0.07,0.19,0.03,0.29,0.01,15.30,0.11,573,48,389,17,76,16
B108_CS,RR,LionStone_Numa_RAT,73,5.0,1.72,0.32,8.80,0.15,6.22,0.11,37.20,0.39,1.01,0.09,22.84,0.24,0.91,0.02,0.58,0.06,5.03,0.05,0.77,0.08,0.18,0.03,0.29,0.01,14.30,0.11,572,52,415,19,268,20
B122_CS,RU,FigTree_Barberton,67,2.4,1.76,0.34,14.79,0.23,6.20,0.18,44.30,0.51,0.66,0.09,5.56,0.11,0.60,0.02,0.29,0.06,4.42,0.06,0.51,0.07,0.50,0.04,0.36,0.02,19.80,0.17,1639,89,207,25,47,21
B123_CS,SU,HillTop_Wilson,81,2.6,2.38,0.30,7.61,0.15,9.21,0.16,45.30,0.50,0.87,0.09,7.12,0.12,0.84,0.02,0.51,0.06,6.73,0.07,0.97,0.08,0.36,0.04,0.37,0.02,17.60,0.14,503,62,376,26,35,19
B139_CS,RR,Tenessee_RAT,60,11.7,1.36,0.24,8.38,0.11,5.87,0.11,35.00,0.33,1.03,0.08,24.94,0.22,0.65,0.01,0.58,0.06,5.03,0.04,0.79,0.07,0.20,0.03,0.32,0.01,15.70,0.10,679,47,533,17,35,15
B142_S,RU,Kentucky_asis,87,0.4,0.88,2.77,8.04,0.49,7.89,0.48,43.20,0.95,0.80,0.49,13.41,0.36,0.83,0.07,0.53,0.09,6.34,0.14,0.92,0.24,0.24,0.07,0.24,0.11,16.50,0.23,652,127,439,62,139,35
B145_CS,RR,Kentucky_Cubble_Hill2_RAT,76,4.0,1.54,0.39,9.20,0.17,5.90,0.12,35.90,0.39,1.05,0.09,24.38,0.26,0.65,0.02,0.57,0.06,4.72,0.05,0.71,0.07,0.18,0.03,0.33,0.01,14.70,0.12,618,55,371,20,54,17
B147_CS,RR,Virginia_RAT,71,4.0,1.83,0.29,9.00,0.14,6.32,0.11,36.90,0.40,1.07,0.09,22.09,0.24,0.60,0.02,0.60,0.06,4.43,0.05,0.84,0.07,0.21,0.03,0.39,0.01,15.50,0.12,664,58,381,22,74,18
B149_CS,RR,Ontario_London_RAT,87,3.0,1.64,0.28,9.14,0.15,5.99,0.11,36.40,0.40,1.11,0.09,23.71,0.26,0.72,0.02,0.57,0.06,4.85,0.05,0.74,0.07,0.20,0.03,0.31,0.01,14.50,0.12,638,57,357,21,27,18
B153_CS,RR,Grindstone_RAT,82,4.0,1.70,0.28,8.38,0.13,6.36,0.11,38.00,0.39,1.07,0.09,21.50,0.23,1.45,0.03,0.58,0.06,4.64,0.05,0.83,0.07,0.19,0.03,0.33,0.01,14.80,0.11,604,53,319,18,39,17
B155_CS,RR,Kettlestone_RAT,69,4.0,1.45,0.31,8.63,0.15,5.85,0.11,36.20,0.39,1.03,0.09,23.03,0.26,1.75,0.03,0.55,0.06,4.85,0.05,0.80,0.08,0.20,0.04,0.33,0.01,15.20,0.12,644,59,346,22,19,17
B162_CS,RR,millstone_Dramensfjord_RAT,66,4.0,1.58,0.29,7.41,0.13,6.20,0.11,37.60,0.41,1.17,0.09,21.11,0.24,1.98,0.04,0.59,0.06,5.11,0.05,0.75,0.08,0.21,0.04,0.31,0.01,15.80,0.13,616,59,437,24,11,19
B166_CS,SU,Soil_Millstone_Dahlia,77,4.0,2.40,0.28,7.14,0.13,10.04,0.15,47.70,0.49,0.81,0.08,5.19,0.09,0.64,0.02,0.55,0.06,7.32,0.06,0.85,0.08,0.34,0.04,0.39,0.01,16.60,0.13,339,52,226,19,25,17
B175_CS,RU,Hoghead_ArnoldZiffel_Asis,82,5.0,2.11,0.25,8.29,0.13,7.89,0.13,41.50,0.42,0.99,0.08,14.76,0.16,1.26,0.02,0.56,0.06,5.45,0.05,0.83,0.07,0.22,0.03,0.25,0.01,15.70,0.11,465,48,388,18,108,17
B178_CS,RR1,Diamon_Jenness_Holman3_RAT1,76,4.0,1.72,0.23,6.47,0.10,6.71,0.10,40.60,0.34,1.05,0.08,19.62,0.19,1.37,0.03,0.63,0.06,5.09,0.05,0.79,0.07,0.17,0.03,0.33,0.01,15.40,0.09,531,52,444,20,23,16
B180_CS,RR2,Diamon_Jenness_Holman3_RAT2,60,4.0,1.71,0.31,6.49,0.14,6.70,0.13,40.10,0.44,1.06,0.09,19.64,0.23,1.64,0.03,0.63,0.06,5.03,0.06,0.81,0.07,0.22,0.04,0.31,0.01,15.50,0.13,611,61,486,26,14,19
B184_CS,RR,MacKenzie_Campell_RAT,64,4.0,1.93,0.31,5.43,0.13,7.27,0.13,43.00,0.46,1.15,0.09,17.01,0.21,1.90,0.03,0.69,0.06,4.60,0.05,0.86,0.08,0.20,0.04,0.32,0.01,15.60,0.12,546,58,447,24,9,17
B187_CS,RR,Inuvik_Toruyuktuk_RAT,53,3.8,1.79,0.25,5.45,0.11,7.17,0.11,39.90,0.37,1.11,0.09,18.17,0.20,1.67,0.03,0.67,0.07,5.48,0.06,0.86,0.08,0.22,0.04,0.36,0.01,17.10,0.12,606,64,489,27,13,18
B195_CS,RR,Bylot_RAT,63,4.0,1.86,0.29,6.81,0.13,6.52,0.12,37.90,0.42,1.01,0.09,19.33,0.23,1.69,0.03,0.60,0.06,5.01,0.05,0.77,0.07,0.23,0.04,0.37,0.02,17.70,0.14,933,67,499,26,10,19
B199_CS,RU,Sermilik_vein_asis,62,4.0,2.11,0.31,7.87,0.15,7.83,0.14,42.20,0.46,0.96,0.09,14.03,0.18,0.94,0.02,0.55,0.06,5.84,0.06,0.91,0.07,0.29,0.04,0.34,0.01,16.00,0.13,540,59,380,23,187,20
B214_CS,RU,Escher_Kirchner_Asis,73,5.0,2.63,0.27,7.67,0.13,7.81,0.12,41.90,0.41,1.01,0.08,14.42,0.16,1.67,0.03,0.59,0.06,5.72,0.05,0.81,0.07,0.25,0.03,0.27,0.01,15.10,0.11,435,50,352,18,607,24
B216_CS,RB,Escher_Kirchner_brushed,67,4.0,2.46,0.20,7.57,0.08,7.59,0.08,41.50,0.25,1.00,0.07,15.61,0.13,1.72,0.02,0.61,0.06,5.66,0.04,0.79,0.07,0.21,0.03,0.28,0.01,14.80,0.06,449,44,287,14,608,21
B217_CS,RU,Escher_Nolde_dirty,80,4.6,2.21,0.26,7.83,0.12,9.32,0.12,45.80,0.45,0.86,0.08,5.49,0.08,0.62,0.02,0.43,0.06,6.88,0.06,1.11,0.07,0.50,0.04,0.41,0.01,18.50,0.13,395,50,281,18,69,18
B218_CS,RB,Escher_Nolde_brushed,72,8.0,2.22,0.24,7.65,0.11,8.11,0.13,42.90,0.41,1.06,0.08,10.53,0.12,1.26,0.02,0.52,0.06,7.03,0.05,0.94,0.07,0.28,0.03,0.31,0.01,17.00,0.11,547,47,435,17,238,18
B220_CS,RR,Escher_Kirchner_RAT,74,4.0,1.63,0.28,8.37,0.13,6.06,0.11,36.50,0.39,1.01,0.09,23.03,0.25,0.78,0.02,0.57,0.06,5.00,0.05,0.75,0.07,0.18,0.03,0.24,0.01,15.70,0.12,564,55,314,19,425,24
B237A_CS,SD,Auk_RAT,70,7.0,2.39,0.24,6.90,0.11,10.41,0.13,48.80,0.47,0.84,0.07,4.56,0.07,0.58,0.01,0.59,0.06,7.38,0.06,0.85,0.07,0.28,0.03,0.35,0.01,15.90,0.11,323,46,178,14,21,16
B237B_S,SU,Aukling_soil_TG,71,0.3,1.79,4.78,8.41,0.86,9.58,0.84,47.20,1.40,0.23,0.87,4.82,0.29,0.61,0.09,0.45,0.11,7.25,0.20,1.08,0.29,0.42,0.10,0.27,0.17,17.80,0.30,233,151,194,70,4,41
B240_CS,RU,Ellesmere_NoCoating,70,2.0,1.85,0.50,8.03,0.23,7.27,0.18,40.40,0.50,1.00,0.10,18.01,0.25,1.26,0.03,0.60,0.07,5.26,0.07,0.76,0.08,0.20,0.04,0.25,0.02,15.00,0.14,509,66,380,28,395,26
B241_CS,RU,Ellesmere_Barbeau,53,3.3,2.09,0.32,7.47,0.16,7.39,0.16,41.50,0.49,0.97,0.10,14.99,0.21,1.18,0.03,0.59,0.07,5.79,0.07,0.81,0.08,0.23,0.04,0.39,0.02,16.30,0.14,528,70,453,31,1232,38
B249_CS,SU,Rocknest_void_soil,80,3.3,2.39,0.22,7.65,0.10,9.59,0.11,46.70,0.35,0.85,0.08,4.62,0.07,0.59,0.01,0.48,0.06,7.30,0.06,0.91,0.07,0.45,0.04,0.40,0.01,18.00,0.10,344,48,184,15,24,16
B260_CS,RU,Wopmay_Otter,61,1.0,1.92,0.83,7.67,0.23,7.31,0.20,40.40,0.61,1.04,0.19,18.29,0.33,1.07,0.05,0.62,0.08,5.22,0.09,0.81,0.18,0.19,0.05,0.20,0.05,15.10,0.19,519,92,394,45,368,34
B261_CS,RU,Wopmay_Otter_b,60,3.0,2.01,0.31,7.67,0.15,7.27,0.13,40.50,0.47,1.06,0.09,18.32,0.23,1.03,0.03,0.60,0.07,5.25,0.06,0.69,0.08,0.18,0.04,0.20,0.01,15.10,0.13,510,62,363,25,424,26
B283_CS,RU,Wanganui,40,3.3,1.95,0.35,7.43,0.17,8.47,0.17,43.50,0.53,0.95,0.10,11.93,0.19,0.96,0.03,0.59,0.07,6.79,0.08,0.89,0.08,0.29,0.04,0.33,0.02,15.80,0.15,417,74,391,33,18,22
B306_CS,RB,Paikia_brushed,81,4.0,1.74,0.27,8.08,0.13,6.45,0.14,38.70,0.41,1.09,0.09,21.47,0.23,1.10,0.02,0.54,0.06,4.49,0.05,0.76,0.08,0.18,0.03,0.27,0.01,14.90,0.11,564,51,624,22,147,18
B307_CS,RR,Paikia_RAT,63,3.0,1.84,0.31,7.86,0.15,6.36,0.12,37.70,0.44,1.13,0.09,21.35,0.26,1.42,0.03,0.57,0.06,4.59,0.06,0.77,0.07,0.16,0.04,0.33,0.02,15.70,0.14,571,62,628,29,10,17
B308_CS,RB,Wharenhui_RAT_stalled,72,4.0,1.68,0.27,9.38,0.14,6.28,0.11,37.00,0.40,1.02,0.09,21.55,0.24,1.07,0.02,0.54,0.06,4.27,0.05,0.76,0.07,0.21,0.03,0.29,0.01,15.80,0.12,804,58,301,19,103,18
B311_CS,RU,Pohutu_asis,75,3.5,2.55,0.28,7.86,0.14,8.63,0.17,42.60,0.45,0.91,0.09,11.14,0.15,0.84,0.02,0.50,0.06,6.33,0.06,0.77,0.07,0.24,0.03,0.28,0.01,17.30,0.13,466,55,273,20,44,18
B312_CS,RR,Wharenhui_RAT,71,4.0,1.83,0.27,9.11,0.14,6.43,0.11,37.50,0.40,1.08,0.09,21.33,0.23,1.49,0.03,0.56,0.06,4.10,0.05,0.81,0.07,0.20,0.03,0.32,0.01,15.10,0.12,605,55,259,18,38,18
B368_CS,ST,Left_of_peanut_TrenchFloor,78,3.0,2.20,0.22,7.13,0.11,8.98,0.13,44.60,0.47,0.84,0.08,6.58,0.10,0.50,0.02,0.45,0.06,6.75,0.07,1.17,0.09,0.46,0.04,0.39,0.02,19.90,0.15,449,61,409,26,70,20
B369_CS,SU,Crest_RippleCrest,80,4.0,2.13,0.20,6.39,0.10,7.36,0.13,37.40,0.37,0.87,0.08,4.64,0.08,0.71,0.02,0.33,0.06,4.88,0.05,0.67,0.07,0.27,0.04,0.29,0.01,33.80,0.22,1292,73,357,23,101,21
B370_CS,SU,Caviar_undisturbedSoil,80,6.0,2.17,0.22,6.61,0.10,7.83,0.10,39.80,0.40,0.82,0.07,5.05,0.07,0.68,0.01,0.40,0.06,5.67,0.05,0.78,0.07,0.32,0.03,0.29,0.01,29.40,0.18,750,56,300,18,47,17
B373_CS,SD,Scuff_Srcuffy,67,6.0,2.11,0.20,7.20,0.10,9.10,0.14,45.30,0.44,0.88,0.08,6.06,0.08,0.52,0.01,0.44,0.06,6.87,0.06,1.25,0.07,0.46,0.04,0.39,0.01,19.30,0.13,386,51,351,19,94,19
B381_CS,RU,Russett_Cobble,64,6.0,1.84,0.20,7.15,0.10,6.81,0.10,38.50,0.36,1.05,0.08,20.82,0.21,0.94,0.02,0.57,0.06,5.47,0.05,0.80,0.07,0.20,0.03,0.30,0.01,15.40,0.11,628,51,585,21,60,16
B393_CS,RU,Omaha as is,78,3.0,2.00,0.22,7.39,0.12,7.10,0.14,39.40,0.42,1.01,0.09,19.81,0.23,0.89,0.02,0.56,0.06,5.16,0.06,0.83,0.07,0.20,0.03,0.30,0.01,15.30,0.13,634,58,441,23,53,18
B400_CS,RU,Gagarin_asis,70,3.9,2.00,0.28,7.19,0.13,7.54,0.12,41.00,0.43,1.04,0.09,16.51,0.19,0.98,0.02,0.56,0.06,5.46,0.06,0.89,0.08,0.20,0.03,0.34,0.01,16.20,0.13,543,56,450,23,73,19
B401_CS,RB,Gagarin_brush,78,3.5,1.79,0.28,7.25,0.13,6.71,0.12,38.30,0.40,1.03,0.09,21.46,0.23,0.92,0.02,0.57,0.06,5.36,0.05,0.78,0.07,0.17,0.03,0.31,0.01,15.20,0.12,574,55,405,21,67,18
B403_CS,RR,Gagarin_RAT,69,4.0,1.35,0.20,7.33,0.10,4.90,0.08,32.60,0.32,1.07,0.09,28.62,0.28,0.61,0.02,0.51,0.06,5.78,0.06,0.68,0.08,0.17,0.03,0.35,0.01,15.90,0.11,585,56,436,22,54,17
B416_CS,SU,Mobarek_undist_soil,81,3.0,2.21,0.26,6.75,0.13,8.19,0.13,41.50,0.36,0.86,0.08,5.21,0.08,0.67,0.02,0.42,0.06,6.17,0.06,0.85,0.07,0.33,0.04,0.33,0.01,26.30,0.15,608,63,282,22,39,17
B420_CS,SU,RippleCrest_NoRooz,86,3.6,2.11,0.30,6.67,0.14,7.72,0.12,39.50,0.41,0.88,0.08,5.90,0.09,0.72,0.02,0.39,0.06,5.30,0.05,0.80,0.07,0.28,0.04,0.29,0.01,29.30,0.19,850,63,371,22,73,19
B420B_CS,SU,RippleCrest_MayNoRooz,84,3.0,2.19,0.20,6.61,0.10,7.76,0.11,39.00,0.41,0.84,0.08,5.15,0.09,0.70,0.02,0.36,0.06,5.27,0.05,0.78,0.07,0.27,0.04,0.29,0.01,30.60,0.21,965,71,348,25,96,21
B443_CS,SU,Recovery_Cure,52,3.8,2.01,0.20,6.43,0.09,7.78,0.11,40.00,0.42,0.83,0.08,5.54,0.09,0.72,0.02,0.43,0.06,5.69,0.06,0.79,0.07,0.32,0.04,0.32,0.02,29.00,0.20,729,75,354,28,48,20
B499_CS,SD,NorthDune_New_Track,72,1.0,2.32,0.28,7.05,0.17,8.74,0.20,44.80,0.60,0.91,0.11,6.59,0.16,0.72,0.03,0.47,0.07,7.06,0.10,1.02,0.09,0.41,0.05,0.39,0.03,19.40,0.21,445,87,298,40,130,27
B505_CS,SU,Purgatrough_ThroughPlain,84,3.8,2.15,0.18,6.54,0.09,7.80,0.10,39.30,0.38,0.82,0.07,5.24,0.07,0.65,0.02,0.39,0.06,5.39,0.05,0.75,0.07,0.32,0.03,0.28,0.01,30.20,0.19,743,61,331,20,48,17
B507_CS,SD,Purgatory_Track2.,76,3.8,2.13,0.22,7.02,0.12,8.70,0.17,44.10,0.44,0.94,0.08,7.36,0.11,0.76,0.02,0.50,0.06,6.75,0.06,1.05,0.07,0.35,0.04,0.37,0.01,19.80,0.15,463,55,452,23,121,21
B509_CS,SU,Purgatory_Flank1,85,3.6,2.18,0.18,6.37,0.08,7.94,0.09,39.90,0.29,0.80,0.07,5.07,0.07,0.66,0.02,0.42,0.06,5.54,0.05,0.73,0.07,0.29,0.03,0.26,0.01,29.70,0.13,865,64,328,21,45,17
B548_CS,RR,IceCream_RAT,59,13.5,1.74,0.18,7.31,0.08,5.91,0.07,36.20,0.25,1.04,0.07,23.81,0.17,0.64,0.01,0.58,0.06,5.49,0.04,0.78,0.06,0.21,0.03,0.31,0.01,15.80,0.07,449,41,480,14,109,15
B552_CS,RU,Cobble_Arkansas,54,12.1,1.96,0.16,7.90,0.08,8.23,0.08,42.60,0.28,1.27,0.07,9.90,0.10,1.31,0.02,0.55,0.06,7.24,0.05,0.95,0.07,0.26,0.03,0.33,0.01,17.40,0.07,539,45,418,15,110,16
B554_CS,RU,Cobble_Perseverance,26,12.2,1.50,0.19,7.12,0.10,8.83,0.11,44.00,0.38,1.21,0.08,6.91,0.09,0.95,0.02,0.55,0.06,6.84,0.06,0.93,0.07,0.23,0.04,0.31,0.01,20.50,0.12,508,65,327,24,79,19
B556_CS,RB,LemonRind,69,12.0,2.22,0.16,7.07,0.07,7.49,0.07,40.20,0.25,1.07,0.07,15.30,0.12,1.49,0.02,0.55,0.06,6.07,0.04,0.89,0.06,0.24,0.03,0.37,0.01,17.00,0.06,525,41,474,14,67,14
B558_CS,RR,Fruitbasket_Strawberry,79,12.1,1.57,0.17,8.09,0.09,5.72,0.07,32.80,0.29,0.99,0.07,27.39,0.22,0.57,0.01,0.50,0.06,5.13,0.04,0.72,0.06,0.19,0.03,0.39,0.01,15.80,0.10,504,39,563,14,84,15
B560_CS,RR,LemonRind_RAT,77,10.6,2.02,0.22,7.83,0.10,6.17,0.08,35.10,0.32,1.05,0.08,23.12,0.20,1.54,0.02,0.54,0.06,5.20,0.04,0.75,0.06,0.19,0.03,0.38,0.01,16.00,0.10,508,41,457,14,67,15
B593_CS,RB,Elephant,59,2.7,1.84,0.24,7.37,0.13,6.84,0.13,38.80,0.44,1.08,0.10,19.53,0.25,0.90,0.03,0.61,0.07,5.49,0.07,0.79,0.09,0.22,0.04,0.28,0.02,16.10,0.14,576,66,450,29,294,24
B594_CS,RU,Desception,56,10.3,1.79,0.17,7.45,0.09,6.63,0.08,38.50,0.30,1.05,0.07,19.83,0.16,0.74,0.01,0.58,0.06,5.06,0.04,0.80,0.07,0.19,0.03,0.23,0.01,17.00,0.09,515,46,423,16,103,16
B634_CS,RR,Olympia_Kalavrita,71,10.4,1.78,0.22,7.39,0.10,6.52,0.09,37.50,0.35,0.98,0.08,20.72,0.18,0.56,0.01,0.55,0.06,5.84,0.04,0.79,0.07,0.25,0.03,0.33,0.01,16.60,0.10,496,42,394,14,67,15
B638_CS,RB,Olympia_Ziakas,77,12.0,1.73,0.16,7.36,0.07,6.26,0.06,36.90,0.23,1.02,0.07,23.00,0.16,0.84,0.01,0.55,0.06,5.12,0.03,0.76,0.06,0.18,0.03,0.31,0.01,15.80,0.06,544,39,559,13,74,14
B642_CS,CU,Olympia_Antistasi_Cobble,53,11.9,2.51,0.18,7.63,0.08,11.43,0.11,47.40,0.35,1.09,0.07,3.73,0.05,0.53,0.01,0.45,0.06,6.92,0.05,1.08,0.07,0.24,0.03,0.30,0.01,16.50,0.08,899,49,189,12,35,14
B675_CS,RU,Williams_asis_long,57,11.8,1.88,0.18,7.50,0.09,6.93,0.09,39.10,0.35,1.01,0.08,19.62,0.18,0.75,0.01,0.57,0.06,5.45,0.04,0.83,0.07,0.19,0.03,0.25,0.01,15.80,0.10,549,44,470,15,65,15
B679_CS,RU,Ted,76,2.7,2.04,0.31,7.27,0.15,7.29,0.14,40.10,0.44,1.03,0.09,17.51,0.21,0.90,0.02,0.57,0.06,5.61,0.06,0.85,0.07,0.21,0.04,0.32,0.02,16.20,0.14,571,59,541,26,161,21
B680_CS,RB,Ted_Brushed,80,11.3,1.93,0.16,7.23,0.07,6.69,0.07,38.20,0.24,1.03,0.07,20.62,0.15,0.80,0.01,0.58,0.06,5.45,0.04,0.78,0.06,0.19,0.03,0.31,0.01,16.00,0.06,548,40,536,13,177,15
B686_CS,RU,Hunt,73,13.0,2.00,0.22,7.48,0.10,7.00,0.09,39.20,0.35,1.01,0.07,19.06,0.16,0.76,0.01,0.55,0.06,5.23,0.04,0.80,0.06,0.20,0.03,0.29,0.01,16.30,0.10,561,40,634,15,157,16
B696_CS,RR,Ted_RAT,48,6.5,1.51,0.22,7.08,0.11,5.40,0.09,34.60,0.36,1.01,0.09,26.52,0.27,0.46,0.02,0.55,0.06,5.74,0.05,0.71,0.07,0.18,0.03,0.32,0.01,15.80,0.12,537,55,554,23,182,20
B726_CS,RU,Roosevelt_RoughRider,39,12.2,1.94,0.19,6.75,0.09,7.29,0.10,39.90,0.38,1.04,0.08,16.02,0.16,0.81,0.02,0.59,0.06,5.71,0.05,0.84,0.07,0.22,0.03,0.31,0.01,18.40,0.12,572,52,495,19,73,17
B730_CS,SU,Fala,82,3.0,2.17,0.29,7.46,0.15,8.89,0.14,45.60,0.48,0.85,0.08,4.95,0.09,0.62,0.02,0.47,0.06,7.50,0.07,0.94,0.07,0.46,0.04,0.43,0.02,19.60,0.15,408,54,267,20,31,18
B805_CS,RB,Brookeville,73,3.0,1.56,0.22,8.44,0.13,5.96,0.10,34.70,0.38,1.00,0.09,25.19,0.28,0.67,0.02,0.49,0.06,5.01,0.06,0.72,0.07,0.17,0.03,0.29,0.01,15.70,0.13,553,57,375,22,164,20
B818_CS,RB,Cheyenne,69,3.5,1.67,0.25,7.99,0.13,6.18,0.11,35.60,0.39,0.98,0.09,24.18,0.27,0.69,0.02,0.50,0.06,5.26,0.06,0.75,0.07,0.18,0.03,0.30,0.01,15.60,0.13,524,56,550,24,123,19
B825_CS,SU,Alamogordo_Creek,81,3.7,2.23,0.25,6.48,0.12,8.25,0.11,41.10,0.42,0.79,0.08,5.43,0.08,0.65,0.02,0.41,0.06,5.98,0.06,0.77,0.07,0.30,0.04,0.30,0.01,27.10,0.18,661,59,310,20,48,18
B879_CS,SD,Westport,71,3.4,2.30,0.27,7.18,0.14,8.84,0.14,45.10,0.47,0.91,0.08,6.72,0.10,0.65,0.02,0.47,0.06,6.87,0.07,1.14,0.08,0.41,0.04,0.36,0.02,18.90,0.14,475,56,411,23,434,24
B886_CS,CU,Joseph_McCoy,43,3.0,2.37,0.23,7.53,0.12,9.86,0.13,44.60,0.37,1.02,0.09,4.89,0.10,0.67,0.02,0.48,0.07,6.69,0.07,1.04,0.08,0.29,0.04,0.31,0.02,20.10,0.12,807,81,263,29,37,20
B890_CS,CU,Haiwassee,43,4.2,2.14,0.23,7.19,0.12,9.14,0.13,43.70,0.47,1.02,0.09,5.99,0.11,0.82,0.02,0.47,0.06,6.73,0.07,0.95,0.08,0.23,0.04,0.31,0.02,21.20,0.17,566,69,282,25,64,21
B893_CS,RR,Baltra,75,5.7,1.67,0.24,7.36,0.11,5.54,0.09,35.00,0.34,1.02,0.08,25.79,0.25,0.73,0.02,0.54,0.06,5.12,0.05,0.66,0.07,0.17,0.03,0.34,0.01,15.90,0.11,568,48,488,18,303,20
B910_CS,SU,Marchena,81,3.3,2.16,0.27,6.32,0.13,7.39,0.12,37.90,0.41,0.82,0.08,5.28,0.09,0.73,0.02,0.36,0.06,5.04,0.05,0.70,0.07,0.30,0.04,0.27,0.01,32.50,0.22,1082,71,377,24,84,19
B911_CS,SU,Isabela,82,3.8,2.09,0.27,6.29,0.12,7.27,0.11,37.40,0.39,0.83,0.08,5.11,0.08,0.73,0.02,0.36,0.06,4.90,0.05,0.69,0.07,0.30,0.04,0.26,0.01,33.60,0.22,1120,69,331,21,126,19
B924_CS,SD,Powell,74,3.7,1.84,0.28,9.36,0.14,7.23,0.12,38.70,0.41,0.97,0.08,16.46,0.19,0.87,0.02,0.48,0.06,5.01,0.05,0.97,0.07,0.35,0.04,0.37,0.01,17.30,0.13,437,52,402,20,176,20
B928_CS,SD,Powells_Brother,83,2.0,2.33,0.22,7.25,0.11,8.49,0.12,43.00,0.36,0.85,0.08,5.79,0.10,0.60,0.02,0.41,0.06,6.57,0.07,1.12,0.08,0.47,0.04,0.39,0.02,22.60,0.12,477,64,344,25,171,21
B941a_S,RU,Faraday,68,4.1,2.16,0.27,7.13,0.13,7.77,0.12,42.10,0.44,1.09,0.09,14.96,0.18,1.03,0.02,0.63,0.06,6.09,0.06,0.92,0.08,0.23,0.03,0.29,0.01,15.40,0.12,478,53,385,20,297,21
B961_CS,RB,Cha_brushed,68,5.6,1.92,0.19,5.48,0.08,6.87,0.09,41.20,0.39,1.15,0.08,18.13,0.19,0.92,0.02,0.66,0.06,5.24,0.05,0.88,0.07,0.23,0.03,0.36,0.01,16.90,0.12,506,49,455,19,463,22
B962_CS,RR,Cha_RAT,65,6.0,1.94,0.17,5.14,0.07,6.66,0.09,41.10,0.29,1.17,0.08,18.89,0.17,0.90,0.02,0.70,0.06,5.24,0.04,0.86,0.07,0.22,0.03,0.37,0.01,16.70,0.08,476,48,476,19,471,21
B1036_CS,RB,Rio_de_Janeiro,74,3.4,1.81,0.20,6.68,0.09,6.34,0.09,38.90,0.32,1.09,0.08,21.09,0.21,1.04,0.02,0.60,0.06,5.47,0.05,0.80,0.07,0.19,0.03,0.30,0.01,15.60,0.09,483,54,435,22,234,20
B1046sCS,RU,SantaCatarina,64,7.2,1.51,0.35,18.04,0.20,4.35,0.10,44.00,0.41,0.61,0.07,5.09,0.07,0.62,0.01,0.14,0.05,3.43,0.03,0.24,0.06,0.61,0.04,0.38,0.01,20.60,0.13,3207,76,164,13,59,16
B1136_CS,SU,Sevilla,76,3.9,1.96,0.28,6.62,0.13,7.79,0.11,40.00,0.37,0.85,0.08,5.89,0.08,0.75,0.02,0.42,0.06,5.96,0.05,0.82,0.07,0.31,0.03,0.29,0.01,28.20,0.15,660,59,351,20,83,17
B1140_CS,SU,Palencia,74,3.0,1.97,0.31,6.73,0.15,7.34,0.13,38.90,0.43,0.77,0.08,4.87,0.09,0.67,0.02,0.40,0.06,5.69,0.06,0.79,0.07,0.39,0.04,0.28,0.02,31.10,0.22,546,65,283,23,62,19
B1145_CS,SU,Alicante,28,4.2,1.31,0.29,6.75,0.16,7.83,0.14,41.90,0.40,0.88,0.09,4.58,0.10,0.62,0.02,0.48,0.07,6.67,0.08,0.87,0.08,0.42,0.05,0.30,0.02,27.30,0.15,361,86,269,34,54,23
B1148_CS,SU,Alicante2,70,3.6,1.97,0.19,7.38,0.09,7.88,0.10,42.40,0.32,0.79,0.08,4.50,0.07,0.60,0.02,0.44,0.06,6.64,0.06,0.89,0.07,0.46,0.04,0.37,0.01,25.60,0.12,517,58,255,19,21,16
B1168_CS,RB,VivaLaRata,68,7.4,1.93,0.24,7.64,0.11,7.15,0.09,39.80,0.33,1.02,0.08,17.45,0.16,1.00,0.02,0.54,0.06,5.81,0.04,0.84,0.07,0.24,0.03,0.28,0.01,16.20,0.09,497,45,413,15,247,17
B1176_CS,RU,Cercedilla,69,4.4,1.97,0.22,7.04,0.11,7.31,0.11,40.80,0.41,1.07,0.09,18.42,0.20,0.85,0.02,0.64,0.06,5.73,0.05,0.86,0.07,0.21,0.03,0.20,0.01,14.80,0.11,319,47,291,17,264,20
B1178_CS,RB,Cercedilla_brush,69,3.7,1.95,0.22,7.09,0.11,7.25,0.11,40.60,0.42,1.06,0.09,18.52,0.21,0.85,0.02,0.62,0.06,5.74,0.06,0.85,0.07,0.20,0.03,0.20,0.01,15.00,0.12,340,50,261,18,274,20
B1182_CS,RR,Cercedilla_RAT,61,3.5,2.03,0.30,7.14,0.15,6.97,0.13,39.10,0.43,1.04,0.09,19.10,0.23,0.57,0.02,0.66,0.07,5.88,0.06,0.84,0.07,0.23,0.04,0.21,0.01,16.10,0.13,371,55,273,20,297,23
B1311_CT,RU,StenoAsis,67,2.9,1.88,0.23,7.51,0.13,7.00,0.14,39.40,0.43,1.03,0.10,18.36,0.23,0.87,0.02,0.54,0.06,5.26,0.06,0.79,0.07,0.19,0.04,0.29,0.02,16.70,0.14,563,61,506,26,34,18
B1313_CT,RB,StenoBrush,68,3.4,1.63,0.23,7.40,0.12,6.04,0.11,36.30,0.39,1.01,0.09,23.22,0.26,0.80,0.02,0.49,0.06,5.35,0.06,0.74,0.07,0.17,0.03,0.31,0.01,16.40,0.13,580,58,567,25,47,17
B1316_CT,RR,StenoRAT,77,11.6,1.46,0.16,7.23,0.07,5.32,0.06,34.40,0.22,1.00,0.07,26.38,0.17,0.68,0.01,0.52,0.06,5.62,0.04,0.71,0.06,0.18,0.03,0.33,0.01,16.10,0.06,523,39,507,13,22,13
B1322_CT,RU,HallAsis,59,11.6,2.05,0.18,7.21,0.09,7.33,0.09,40.00,0.36,1.02,0.08,17.20,0.16,0.89,0.02,0.53,0.06,5.44,0.04,0.85,0.07,0.20,0.03,0.32,0.01,16.90,0.11,583,44,483,15,72,16
B1332_CS,RU,SmithAsis,68,9.0,2.16,0.17,7.47,0.08,8.11,0.08,42.50,0.28,1.01,0.07,12.72,0.11,0.98,0.02,0.52,0.06,6.17,0.04,0.95,0.07,0.23,0.03,0.26,0.01,16.80,0.07,579,43,705,17,170,16
B1348_CS,RB,SmithBrushed,55,3.4,1.71,0.33,7.65,0.16,5.84,0.12,36.10,0.41,1.07,0.10,23.24,0.27,0.81,0.02,0.58,0.06,4.34,0.05,0.81,0.07,0.22,0.04,0.29,0.02,17.20,0.15,637,64,859,33,122,19
B1349_CS,RB,SmithBrushed2,55,10.6,1.70,0.24,7.63,0.11,5.85,0.09,36.10,0.34,1.04,0.08,23.21,0.21,0.78,0.02,0.57,0.06,4.37,0.04,0.83,0.07,0.19,0.03,0.26,0.01,17.20,0.11,598,46,835,20,122,16
B1361_CS,RU,Smith2Asis,66,3.8,2.09,0.22,7.18,0.11,8.17,0.12,42.80,0.44,0.99,0.08,11.79,0.15,0.96,0.02,0.55,0.06,6.31,0.06,0.94,0.08,0.23,0.04,0.32,0.01,17.50,0.14,561,57,683,27,199,20
B1375_CS,RR,Smith2RAT,55,12.0,1.70,0.18,7.27,0.09,6.10,0.08,37.20,0.34,1.03,0.08,22.02,0.20,0.84,0.02,0.58,0.06,4.47,0.04,0.83,0.07,0.19,0.03,0.29,0.01,17.30,0.11,624,45,777,19,113,16
B1384_CS,RU,Lyell1_asis,53,12.0,2.00,0.18,7.53,0.09,7.13,0.09,39.20,0.35,1.03,0.08,17.96,0.17,1.11,0.02,0.55,0.06,5.49,0.04,0.88,0.07,0.20,0.03,0.26,0.01,16.50,0.11,544,45,434,15,131,16
B1388_CS,RR,Lyell1_RAT,50,12.0,1.47,0.24,7.82,0.11,5.80,0.09,35.70,0.34,1.04,0.08,23.41,0.21,1.43,0.02,0.58,0.06,4.28,0.04,0.84,0.07,0.19,0.03,0.29,0.01,17.00,0.11,603,46,455,16,57,16
B1395_CT,RU,Lyell2_asis,62,10.6,2.13,0.18,7.31,0.09,7.60,0.09,40.70,0.37,1.03,0.07,15.59,0.15,1.10,0.02,0.57,0.06,5.76,0.04,0.89,0.07,0.21,0.03,0.28,0.01,16.70,0.11,566,44,392,14,196,17
B1397_CS,RU,Lyell3_asis,56,13.5,2.07,0.18,7.36,0.09,7.54,0.09,40.80,0.36,1.02,0.07,15.79,0.15,1.12,0.02,0.55,0.06,5.64,0.04,0.89,0.07,0.18,0.03,0.27,0.01,16.60,0.10,579,43,427,14,248,17
B1409_CS,RU,Smith3_Asis,54,3.8,1.93,0.22,7.42,0.10,7.30,0.10,39.90,0.34,1.05,0.09,16.69,0.18,1.08,0.03,0.56,0.06,5.75,0.06,0.81,0.07,0.23,0.04,0.32,0.01,16.80,0.10,628,61,460,25,206,20
B1410_CS,RU,Smith3_Asis_Second,54,4.0,1.99,0.22,7.36,0.12,7.37,0.12,40.00,0.43,1.01,0.09,16.67,0.20,1.07,0.03,0.56,0.06,5.71,0.06,0.84,0.07,0.19,0.04,0.35,0.02,16.70,0.14,540,59,437,24,214,21
B1411_CS,RU,Lyell4_asis,56,3.7,2.03,0.22,7.45,0.12,7.25,0.12,39.60,0.43,1.04,0.09,17.29,0.21,1.15,0.03,0.56,0.06,5.51,0.06,0.82,0.07,0.18,0.04,0.33,0.01,16.60,0.14,601,61,405,24,162,21
B1412_CS,RU,Lyell4_asis_second,56,3.9,2.01,0.22,7.41,0.12,7.18,0.12,39.60,0.42,1.02,0.09,17.45,0.21,1.14,0.03,0.56,0.06,5.46,0.06,0.81,0.08,0.23,0.04,0.32,0.01,16.70,0.14,553,58,442,24,165,21
B1413_CS,RU,Lyell4_asis_third,57,3.6,2.01,0.21,7.40,0.10,7.29,0.10,39.50,0.34,1.00,0.08,17.32,0.19,1.16,0.03,0.57,0.06,5.55,0.06,0.82,0.07,0.22,0.04,0.33,0.01,16.70,0.10,542,59,439,24,169,20
B1414_CS,RU,Lyell5_Smith_Side,67,12.0,2.12,0.23,7.24,0.10,7.86,0.10,41.60,0.37,0.99,0.07,13.81,0.13,1.02,0.02,0.54,0.06,6.08,0.04,0.88,0.06,0.23,0.03,0.34,0.01,17.20,0.11,597,42,467,14,151,16
B1415_CS,RU,Lyell5_Smith_Side_second,67,4.5,2.17,0.21,7.30,0.11,7.95,0.11,41.60,0.42,1.02,0.08,13.65,0.16,1.02,0.02,0.54,0.06,6.01,0.06,0.86,0.08,0.21,0.03,0.36,0.01,17.20,0.13,614,54,499,22,153,19
B1422_CS,RU,Lyell_Buckland_asis,58,12.0,2.15,0.18,7.30,0.09,7.77,0.09,40.90,0.36,1.00,0.07,14.58,0.14,1.07,0.02,0.53,0.06,6.30,0.05,0.89,0.07,0.22,0.03,0.37,0.01,16.80,0.11,543,43,499,15,58,14
B1431_CS,RR,Lyell_Buckland_RAT,55,12.0,1.60,0.22,7.49,0.10,5.64,0.08,35.10,0.33,0.99,0.08,22.95,0.21,1.70,0.02,0.55,0.06,4.71,0.04,0.78,0.06,0.18,0.03,0.36,0.01,17.80,0.11,632,46,549,16,35,15
B1444_CS,RU,Lyell_Exeter_asis,58,4.5,2.09,0.21,7.13,0.11,7.92,0.12,41.60,0.43,0.96,0.08,13.49,0.17,1.12,0.02,0.53,0.06,6.36,0.06,0.93,0.08,0.21,0.03,0.33,0.01,17.20,0.14,537,56,488,23,61,18
B1445_CS,RU,Lyell_Exeter_asis_Second,58,3.9,2.16,0.19,7.22,0.10,8.01,0.10,41.40,0.39,1.00,0.08,13.48,0.16,1.10,0.02,0.55,0.06,6.33,0.06,0.91,0.07,0.21,0.03,0.34,0.01,17.20,0.11,544,58,495,24,54,17
B1456_CS,RU,Gilbert_asis,58,1.8,2.14,0.36,7.24,0.19,8.42,0.18,43.30,0.54,0.96,0.10,10.50,0.18,1.04,0.03,0.51,0.07,6.65,0.09,0.87,0.09,0.30,0.04,0.37,0.02,17.60,0.18,446,73,450,34,46,21
B1457_CS,RU,Dorsal,49,5.0,2.29,0.21,6.86,0.10,8.31,0.10,42.90,0.33,0.93,0.08,8.45,0.11,1.19,0.02,0.51,0.06,6.48,0.06,0.92,0.07,0.32,0.04,0.45,0.01,20.20,0.11,472,57,376,22,181,20
B1463_CS,RU,Dorsal_new,61,4.4,2.60,0.20,6.42,0.10,7.42,0.11,39.50,0.41,0.89,0.08,7.31,0.11,2.13,0.03,0.45,0.06,5.20,0.05,0.79,0.07,0.30,0.04,0.59,0.02,26.20,0.18,810,65,435,23,282,23
B1481_CS,RR,Gilbert_RAT,55,4.6,1.94,0.20,5.99,0.09,6.68,0.09,40.70,0.35,1.07,0.08,17.38,0.19,1.41,0.03,0.63,0.06,4.46,0.04,0.90,0.07,0.22,0.03,0.34,0.01,18.20,0.10,520,56,553,24,23,16
B1647_CS,SU,PostVictoriaRippleSoil,75,12.0,2.22,0.17,6.65,0.08,7.67,0.10,39.60,0.34,0.91,0.07,7.30,0.08,0.84,0.01,0.41,0.06,5.85,0.04,0.81,0.06,0.28,0.03,0.28,0.01,27.00,0.15,702,44,413,13,100,15
B1745_CS,CU,SanTorini1,49,10.5,1.50,0.33,17.79,0.19,4.43,0.10,44.10,0.42,0.59,0.07,3.88,0.06,0.53,0.01,0.14,0.05,3.26,0.03,0.31,0.06,0.61,0.04,0.37,0.01,22.10,0.14,3255,76,128,12,22,15
B1747_CS,CU,SanTorini2,57,8.0,1.43,0.36,19.67,0.21,3.93,0.09,44.70,0.50,0.54,0.07,3.40,0.06,0.51,0.01,0.11,0.05,2.92,0.03,0.23,0.06,0.62,0.04,0.39,0.01,20.90,0.14,4979,91,120,12,20,15
B1754_CS,RU,Candia_Crete,52,11.7,2.12,0.19,7.39,0.09,8.10,0.10,42.20,0.38,1.03,0.08,13.64,0.14,0.88,0.02,0.53,0.06,6.06,0.05,0.89,0.07,0.23,0.03,0.29,0.01,16.50,0.11,520,45,496,16,97,16
B1755_CS,SU,Minos1,71,2.8,2.13,0.25,6.60,0.15,7.73,0.23,39.30,0.44,0.81,0.09,5.10,0.10,0.66,0.02,0.37,0.06,5.41,0.06,0.74,0.07,0.30,0.04,0.29,0.02,30.40,0.22,800,72,385,26,52,22
B1826_CS,RU,CookIsland,61,10.5,2.11,0.19,6.96,0.09,8.10,0.10,42.20,0.38,1.00,0.07,12.42,0.12,0.96,0.02,0.53,0.06,6.00,0.04,0.87,0.07,0.21,0.03,0.28,0.01,18.20,0.11,541,44,527,16,63,16
B1836_CS,RB,Penrhyn,48,3.1,2.01,0.26,7.14,0.15,7.40,0.20,40.20,0.48,1.01,0.10,16.50,0.22,0.88,0.03,0.57,0.07,5.88,0.07,0.86,0.08,0.26,0.04,0.29,0.02,16.90,0.15,436,65,514,30,50,21
B1843_CS,RR,Penrhyn_RAT,65,2.2,1.76,0.25,6.92,0.13,5.71,0.12,33.80,0.40,0.97,0.10,21.44,0.28,0.69,0.03,0.50,0.07,4.96,0.06,0.70,0.08,0.26,0.04,0.25,0.02,22.00,0.18,730,75,391,30,79,23
B1880_CS,CU,TilosKos2,18,3.4,1.24,0.27,6.78,0.17,8.55,0.17,42.90,0.52,1.18,0.11,7.23,0.17,0.74,0.04,0.58,0.08,7.21,0.11,1.13,0.10,0.31,0.06,0.40,0.03,21.60,0.19,485,119,437,53,47,27
B1881_CS,CU,Tilos,17,3.7,1.24,0.28,8.22,0.19,8.37,0.20,43.50,0.61,1.14,0.11,6.15,0.17,0.66,0.03,0.51,0.07,7.22,0.11,1.05,0.10,0.47,0.06,0.41,0.03,21.00,0.24,465,122,299,51,35,36
B1882_CS,CU,Rhodes,17,12.0,1.33,0.20,6.81,0.12,8.26,0.13,42.70,0.47,1.15,0.09,6.06,0.11,0.70,0.02,0.59,0.07,6.97,0.07,1.12,0.09,0.28,0.04,0.34,0.02,23.50,0.18,435,80,335,30,65,22
B1886_CS,CU,Kalos1,55,11.5,1.59,0.20,18.25,0.15,4.27,0.08,43.70,0.29,0.55,0.07,5.50,0.06,0.43,0.01,0.15,0.05,3.00,0.03,0.23,0.06,0.55,0.03,0.39,0.01,21.00,0.08,2722,65,88,9,99,15
B1918_CS,SD,Ios,71,3.5,2.15,0.29,7.55,0.15,8.77,0.14,44.40,0.47,0.83,0.08,5.51,0.09,0.59,0.02,0.41,0.06,6.83,0.06,1.14,0.08,0.52,0.04,0.41,0.02,20.70,0.16,384,54,301,20,41,18
B1919_CS,SD,Ios2,71,3.4,2.27,0.21,7.53,0.11,8.71,0.13,44.40,0.46,0.84,0.08,5.46,0.09,0.60,0.02,0.43,0.06,6.82,0.06,1.17,0.08,0.51,0.04,0.43,0.02,20.70,0.16,459,56,327,21,42,17
B1925_CS,RU,TinosAsis,65,10.5,2.22,0.20,7.11,0.09,7.74,0.08,41.00,0.33,1.06,0.07,15.48,0.14,0.98,0.02,0.55,0.06,5.45,0.04,0.85,0.06,0.22,0.03,0.30,0.01,16.90,0.09,487,42,523,15,71,14
B1927_CS,RU,TinosAsis2?,65,3.2,2.17,0.19,7.25,0.10,7.78,0.10,41.20,0.31,1.04,0.08,15.36,0.17,0.97,0.02,0.57,0.06,5.45,0.06,0.87,0.07,0.20,0.03,0.30,0.01,16.70,0.09,487,57,508,25,61,17
B1931_CS,RU,Absecon_asis,61,2.7,2.20,0.24,7.25,0.13,8.11,0.14,42.20,0.47,0.97,0.09,12.64,0.18,0.97,0.03,0.56,0.07,5.82,0.07,0.92,0.08,0.25,0.04,0.33,0.02,17.60,0.15,484,62,544,29,134,21
B1974_CS,SU,VailBeach,52,11.2,2.09,0.18,7.15,0.09,8.68,0.10,43.90,0.40,0.90,0.07,5.25,0.07,0.69,0.01,0.45,0.06,6.82,0.05,0.96,0.07,0.39,0.03,0.38,0.01,22.30,0.14,505,47,305,14,75,16
B2016_CS,SD,Limnos,62,10.5,2.25,0.18,7.31,0.09,8.65,0.10,44.30,0.40,0.85,0.07,5.34,0.07,0.57,0.01,0.41,0.06,6.90,0.05,1.25,0.07,0.57,0.03,0.41,0.01,21.00,0.13,391,43,370,14,124,16
B2070_CS,RB,Marquette_PeckBay1,66,3.5,2.48,0.22,11.98,0.16,11.48,0.16,46.10,0.46,1.00,0.08,2.33,0.06,0.43,0.01,0.36,0.06,5.72,0.06,0.59,0.07,0.51,0.04,0.36,0.01,16.60,0.13,319,51,182,17,26,17
B2071_CS,RB,Marquette_PeckBay2,67,3.9,2.50,0.22,11.98,0.15,11.45,0.15,46.20,0.46,1.01,0.08,2.36,0.05,0.44,0.01,0.37,0.06,5.71,0.06,0.48,0.07,0.46,0.04,0.35,0.01,16.60,0.13,234,48,184,16,16,16
B2075_CS,RB,Marquette_IslingtonBay,59,3.8,2.45,0.23,9.67,0.14,12.27,0.17,47.00,0.48,0.79,0.08,3.29,0.07,0.50,0.02,0.45,0.06,5.74,0.06,0.60,0.07,0.46,0.04,0.36,0.02,16.30,0.13,310,52,182,17,31,17
B2089_CS,RU,Marquette_LoonLake,63,3.8,2.71,0.23,11.11,0.15,12.48,0.17,47.30,0.48,0.67,0.08,1.92,0.05,0.34,0.01,0.51,0.06,5.13,0.05,0.63,0.07,0.56,0.04,0.35,0.01,16.20,0.13,147,47,152,16,12,16
B2090_CS,RU,VailBeach,63,4.0,2.70,0.25,10.99,0.17,12.45,0.22,47.30,0.48,0.70,0.08,1.91,0.05,0.33,0.01,0.51,0.06,5.18,0.05,0.65,0.07,0.56,0.04,0.33,0.01,16.30,0.13,201,47,174,16,24,16
B2112_CS,RR,Marquette_PB2_RAT,61,4.4,2.32,0.37,14.88,0.21,9.82,0.16,45.00,0.47,0.71,0.08,0.80,0.03,0.23,0.01,0.33,0.06,5.44,0.05,0.64,0.07,0.60,0.04,0.38,0.01,18.80,0.14,371,51,261,18,29,17
B2117_CS,RRB,Marquette_PB2_RB_0,61,3.9,2.41,0.22,14.21,0.17,10.76,0.15,45.20,0.45,0.97,0.08,0.91,0.03,0.29,0.01,0.38,0.06,5.55,0.06,0.57,0.07,0.60,0.04,0.38,0.01,17.70,0.14,255,50,200,17,25,16
B2118_CS,RRB,Marquette_PB2_RB_1,56,4.2,2.35,0.22,14.07,0.17,10.24,0.15,45.10,0.46,0.80,0.08,1.04,0.04,0.25,0.01,0.38,0.06,5.39,0.06,0.65,0.07,0.63,0.04,0.39,0.02,18.60,0.14,409,54,289,20,32,17
B2119_0,RRB,Marquette_PB2_RB_2_TG,62,0.2,3.01,1.05,15.83,0.49,9.88,0.41,43.70,0.98,0.48,0.33,0.88,0.17,0.31,0.05,0.33,0.09,5.15,0.20,0.55,0.25,0.55,0.10,0.38,0.12,18.80,0.39,377,197,326,103,0,10
B2120_CS,RRB,Marquette_PB2_RB_2,62,4.1,2.43,0.22,15.19,0.18,9.45,0.13,44.20,0.44,0.83,0.08,1.05,0.04,0.25,0.01,0.31,0.06,5.06,0.05,0.60,0.07,0.61,0.04,0.41,0.02,19.50,0.15,395,53,253,19,30,19
B2150_CS,RU,ChocolateHills_Aloya,68,2.5,2.01,0.32,5.00,0.14,6.01,0.12,34.00,0.41,0.81,0.08,8.75,0.14,0.72,0.02,0.37,0.06,3.70,0.05,0.62,0.07,0.31,0.04,0.24,0.02,37.30,0.27,1269,90,342,29,65,24
B2155_CS,RU,ChocolateHills_Arogo,51,3.2,1.89,0.24,6.93,0.14,6.98,0.17,38.00,0.44,0.98,0.10,18.38,0.24,0.80,0.02,0.55,0.07,5.35,0.06,0.81,0.08,0.19,0.04,0.32,0.02,18.70,0.16,403,63,550,31,92,20
B2157_CS,RU,ChocolateHills_Tears,48,4.5,1.95,0.27,6.50,0.13,7.14,0.12,39.50,0.43,1.00,0.09,17.12,0.21,0.82,0.02,0.54,0.06,5.53,0.06,0.88,0.07,0.21,0.04,0.33,0.02,18.40,0.15,438,59,478,26,66,21
B2224_CS,SU,OceanWatch,68,3.9,2.27,0.19,6.40,0.10,7.78,0.11,39.40,0.40,0.83,0.08,5.54,0.09,0.72,0.02,0.39,0.06,5.55,0.05,0.78,0.07,0.32,0.04,0.26,0.01,29.60,0.20,716,63,332,22,55,19
B2297_CS,SD,Juneau,74,2.1,2.09,0.36,6.10,0.17,6.92,0.14,36.10,0.43,0.80,0.09,5.54,0.11,0.73,0.02,0.33,0.06,4.56,0.06,0.59,0.07,0.28,0.04,0.29,0.02,35.40,0.26,1202,90,426,32,90,22
B2317_CS,RU,Valparaiso,55,3.9,2.13,0.23,7.22,0.12,8.25,0.13,42.70,0.45,1.01,0.09,11.90,0.16,0.96,0.02,0.54,0.06,5.92,0.06,0.90,0.08,0.24,0.04,0.33,0.02,17.70,0.14,438,59,552,27,114,20
B2340_CS,RU,ClarinBeach,44,4.8,2.13,0.20,7.32,0.10,8.21,0.11,42.20,0.32,1.01,0.08,12.90,0.15,0.83,0.02,0.52,0.06,6.12,0.06,0.94,0.07,0.24,0.04,0.33,0.01,17.10,0.09,466,60,481,25,122,19
B2341_CS,RU,DueroBeach,56,4.6,2.11,0.23,7.31,0.13,7.85,0.17,42.10,0.44,1.05,0.09,13.58,0.17,1.03,0.02,0.56,0.06,5.74,0.06,0.85,0.08,0.23,0.04,0.30,0.01,17.10,0.13,485,55,488,23,407,24
B2342_CS,RU,CerveraShoal,45,4.5,2.09,0.21,6.94,0.10,7.68,0.10,40.80,0.32,0.98,0.08,12.76,0.15,0.83,0.02,0.49,0.06,5.54,0.06,0.89,0.07,0.21,0.04,0.33,0.01,20.30,0.11,580,65,511,28,242,22
B2399_CS,RU,PuertoJiminez,59,3.8,2.15,0.22,7.00,0.11,7.87,0.13,41.50,0.43,1.02,0.09,13.51,0.17,1.09,0.03,0.58,0.06,5.79,0.06,0.87,0.07,0.21,0.04,0.29,0.01,18.00,0.14,462,57,510,25,93,19
B2481_CS,RU,LuisDeTorres_asis1,56,3.0,2.35,0.26,7.30,0.16,8.60,0.24,43.60,0.50,1.00,0.10,9.61,0.15,0.90,0.03,0.53,0.07,6.41,0.07,0.94,0.08,0.26,0.04,0.32,0.02,18.00,0.15,570,64,514,29,147,22
B2483_CS,RU,LuisDeTorres_asis2,57,2.9,2.28,0.23,7.28,0.13,8.60,0.14,43.50,0.47,0.97,0.09,9.72,0.15,0.88,0.03,0.51,0.06,6.42,0.07,1.01,0.08,0.26,0.04,0.35,0.02,18.10,0.16,572,65,463,28,143,21
B2486_CS,RB,LuisDeTorres_Brush,58,7.6,1.86,0.20,7.14,0.10,6.89,0.10,39.30,0.37,1.04,0.08,19.11,0.19,0.82,0.02,0.54,0.06,5.72,0.05,0.78,0.07,0.21,0.03,0.30,0.01,16.20,0.11,570,48,464,18,176,18
B2515_CS,RR,LuisDeTorres_RAT,45,9.0,1.67,0.17,7.89,0.10,5.81,0.08,36.10,0.30,1.06,0.08,23.79,0.20,0.54,0.01,0.59,0.06,4.63,0.04,0.82,0.07,0.20,0.03,0.32,0.01,16.40,0.09,644,51,480,19,232,18
B2528_CS,RU,RuizGarcia,45,9.0,1.83,0.20,7.18,0.10,6.60,0.10,38.60,0.37,1.03,0.08,20.36,0.20,1.27,0.02,0.61,0.06,5.02,0.05,0.81,0.07,0.17,0.03,0.29,0.01,16.00,0.12,509,50,440,18,432,22
B2611_CS,RU,Valdivia,57,2.2,2.04,0.25,7.56,0.14,7.31,0.14,40.20,0.48,1.03,0.10,16.92,0.24,1.09,0.03,0.56,0.07,5.22,0.07,0.76,0.09,0.20,0.04,0.28,0.02,16.70,0.16,512,68,359,28,331,26
B2669_CS,RU,Gibraltar,49,2.4,2.13,0.25,7.41,0.12,7.77,0.12,41.80,0.40,1.03,0.09,13.70,0.19,1.01,0.03,0.57,0.07,6.19,0.07,0.84,0.08,0.22,0.04,0.30,0.02,16.90,0.11,426,70,414,31,498,29
B2694_CS,RU,Tisdale2_Timmins1,43,2.9,1.84,0.28,6.20,0.14,8.86,0.15,42.60,0.49,3.14,0.13,8.57,0.16,1.23,0.03,0.43,0.07,7.13,0.08,0.99,0.08,0.16,0.04,0.38,0.02,17.62,0.16,950,84,6267,108,779,35
B2695_CS,RU,Tisdale2_Timmins2,37,3.2,2.16,0.28,6.04,0.14,9.97,0.18,46.20,0.54,1.22,0.10,6.01,0.13,0.93,0.03,0.50,0.07,6.78,0.08,1.05,0.10,0.27,0.04,0.38,0.02,18.03,0.17,1405,95,1798,58,722,34
B2696_CS,RU,Tisdale2_Timmins3,50,2.0,2.54,0.41,6.19,0.21,10.10,0.19,45.40,0.54,1.20,0.10,6.50,0.14,1.00,0.03,0.53,0.07,5.88,0.08,1.05,0.09,0.23,0.04,0.23,0.02,18.78,0.18,2030,108,710,42,377,29
B2699_CS,RU,Tisdale2_Shaw1,57,3.0,2.16,0.21,6.22,0.10,8.56,0.11,42.82,0.36,2.27,0.10,6.81,0.11,1.52,0.03,0.53,0.06,5.61,0.06,1.08,0.08,0.21,0.04,0.54,0.02,21.29,0.12,852,72,1813,49,967,33
B2701_CS,RU,Tisdale2_Shaw2,57,2.9,2.12,0.23,6.04,0.12,8.61,0.14,45.19,0.48,2.24,0.11,5.87,0.11,1.21,0.03,0.56,0.07,5.18,0.06,1.10,0.08,0.24,0.04,0.51,0.02,20.71,0.17,770,71,1853,50,1324,40
B2702_CS,RU,Tisdale2_Shaw3,57,3.2,2.09,0.23,5.90,0.11,8.16,0.13,45.56,0.48,2.01,0.10,5.89,0.11,1.27,0.03,0.62,0.07,4.83,0.06,1.01,0.08,0.27,0.04,0.46,0.02,21.44,0.17,1005,74,2314,55,1470,40
B2713_CS,RU,Salisbury1_asis,56,13.5,2.43,0.18,7.37,0.09,9.00,0.10,44.49,0.38,1.02,0.07,6.16,0.07,1.31,0.02,0.49,0.06,6.76,0.05,1.00,0.07,0.24,0.03,0.45,0.01,19.18,0.12,474,42,283,12,78,15
B2717_CS,RB,Salisbury1_brush,55,3.2,2.54,0.22,7.52,0.12,8.92,0.12,43.94,0.39,1.04,0.09,6.42,0.11,1.34,0.03,0.48,0.06,6.67,0.07,0.97,0.08,0.25,0.04,0.45,0.02,19.37,0.13,453,63,313,25,76,20
B2722_SM,RR,Salisbury1_Rat1,53,6.0,2.74,0.22,8.81,0.12,8.82,0.12,45.52,0.43,1.00,0.08,3.09,0.06,0.87,0.02,0.41,0.06,6.77,0.06,1.09,0.08,0.25,0.03,0.48,0.02,20.05,0.14,482,54,246,18,124,18
B2726_SM,RR2,Salisbury1_RatBrush,44,3.9,2.47,0.34,8.89,0.17,8.51,0.13,45.41,0.42,0.99,0.09,3.48,0.07,1.03,0.03,0.38,0.06,6.78,0.07,1.04,0.08,0.25,0.04,0.49,0.02,20.18,0.13,488,65,245,23,108,20
B2734_CS,RU,Geluk,51,2.9,2.69,0.24,7.43,0.14,10.10,0.17,46.08,0.51,1.13,0.09,4.84,0.10,1.04,0.03,0.46,0.06,7.12,0.08,1.15,0.08,0.27,0.04,0.63,0.02,16.96,0.15,461,65,244,23,68,19
B2764_CS,RU,Homestake,49,1.2,1.63,0.31,4.77,0.16,4.78,0.20,25.42,0.43,0.71,0.16,32.71,0.51,1.02,0.05,0.28,0.07,22.02,0.23,0.29,0.07,0.15,0.05,0.17,0.02,6.05,0.09,21,66,126,29,77,22
B2765_CS,RU,Homestake2,51,3.5,1.72,0.17,4.52,0.06,4.70,0.06,24.59,0.19,0.77,0.08,33.25,0.24,0.99,0.02,0.25,0.06,22.28,0.12,0.22,0.06,0.12,0.03,0.12,0.01,6.48,0.05,0,20,94,12,71,16
B2767_CS,RU,Homestake3,46,3.6,1.50,0.19,4.67,0.08,4.91,0.08,25.78,0.25,0.85,0.09,32.03,0.30,0.85,0.03,0.28,0.06,21.78,0.15,0.29,0.06,0.13,0.04,0.16,0.01,6.78,0.06,86,51,143,18,55,17
B2771_CS,RU,Deadwood,55,3.2,2.17,0.24,5.70,0.14,8.32,0.20,44.04,0.49,1.13,0.10,9.19,0.14,1.12,0.03,0.62,0.07,6.68,0.07,0.98,0.08,0.30,0.04,0.22,0.02,19.40,0.16,410,62,521,29,301,25
B2787_CS,RU,Transvaal,48,3.7,2.32,0.26,7.47,0.16,9.19,0.24,45.85,0.51,1.04,0.10,6.35,0.11,0.98,0.03,0.49,0.06,6.56,0.07,1.11,0.08,0.28,0.04,0.41,0.02,17.82,0.15,565,64,294,23,139,21
B2798_SM,RU,Boesmanskop,52,5.9,2.37,0.23,8.86,0.14,9.35,0.19,45.54,0.45,1.22,0.09,5.74,0.09,0.99,0.02,0.54,0.06,5.79,0.05,1.05,0.07,0.22,0.03,0.43,0.01,17.77,0.13,515,53,348,19,150,19
B2801_CS,RB,Boesmanskop_Brush,63,2.5,2.39,0.35,8.95,0.19,9.52,0.17,45.64,0.51,1.21,0.09,5.58,0.11,0.99,0.03,0.51,0.06,5.75,0.07,1.03,0.08,0.25,0.04,0.41,0.02,17.63,0.15,615,65,350,25,153,22
B2805_SM,RU,Komati,52,8.4,2.37,0.23,8.42,0.14,9.32,0.23,44.70,0.43,1.16,0.09,5.81,0.08,0.92,0.02,0.58,0.06,6.12,0.05,1.08,0.07,0.18,0.03,0.59,0.01,18.66,0.13,461,48,266,15,229,19
B2819_SM,RU,Amboy1,52,4.3,2.13,0.24,9.11,0.16,9.18,0.21,45.65,0.49,1.06,0.09,6.12,0.10,0.83,0.02,0.41,0.06,6.00,0.06,1.05,0.08,0.17,0.03,0.42,0.02,17.76,0.14,421,56,285,20,104,19
B2834_SM,RU,Amboy2,47,5.5,2.19,0.22,9.08,0.13,9.17,0.14,45.69,0.46,1.07,0.08,6.10,0.10,0.85,0.02,0.42,0.06,5.89,0.06,1.01,0.07,0.18,0.03,0.44,0.02,17.80,0.14,524,57,280,19,96,18
B2895_SM,RU,Amboy3,47,4.7,2.15,0.24,8.60,0.14,9.30,0.15,45.68,0.47,1.04,0.09,6.46,0.11,0.90,0.02,0.47,0.06,5.83,0.06,1.00,0.08,0.23,0.04,0.37,0.02,17.85,0.14,576,61,298,22,134,21
B2920_SM,RU,Amboy4,36,3.1,2.33,0.27,7.53,0.16,9.97,0.19,46.01,0.55,1.11,0.10,5.41,0.12,0.74,0.03,0.50,0.07,7.48,0.09,1.07,0.09,0.19,0.04,0.48,0.02,17.10,0.17,306,71,194,27,103,24
B2922_SM,RU,Amboy5,42,2.4,2.25,0.26,7.02,0.15,9.23,0.18,45.91,0.53,0.99,0.10,6.47,0.14,0.89,0.03,0.48,0.07,6.96,0.09,1.18,0.09,0.26,0.04,0.58,0.03,17.67,0.17,249,70,328,31,132,23
B2924_SM,RU,Amboy6,30,2.8,1.77,0.26,7.44,0.17,9.12,0.19,45.94,0.58,1.11,0.11,6.73,0.15,0.94,0.03,0.45,0.07,6.99,0.10,1.03,0.09,0.23,0.05,0.41,0.03,17.75,0.19,221,80,317,36,177,27
B2927_SM,RU,Amboy7,40,5.2,2.37,0.25,7.27,0.14,9.36,0.21,45.17,0.49,1.07,0.09,6.57,0.11,0.90,0.02,0.46,0.06,7.10,0.07,1.05,0.08,0.25,0.04,0.45,0.02,17.88,0.15,472,61,244,21,121,21
B2929_SM,RU,Amboy8,45,3.6,2.30,0.25,7.08,0.13,9.48,0.14,46.13,0.49,0.99,0.09,6.09,0.11,0.83,0.02,0.45,0.06,6.95,0.08,1.15,0.08,0.29,0.04,0.39,0.02,17.73,0.15,447,65,255,24,108,21
B2931_SM,RU,Amboy9,50,2.9,2.34,0.26,7.57,0.14,9.38,0.15,45.81,0.50,1.03,0.09,6.50,0.12,1.04,0.03,0.45,0.06,6.89,0.08,1.12,0.08,0.29,0.04,0.53,0.02,16.94,0.15,410,65,309,26,90,22
B2935_CS,RU,Amboy10,42,3.4,2.24,0.21,7.37,0.11,9.25,0.14,45.50,0.43,1.03,0.09,6.68,0.11,0.98,0.03,0.47,0.06,7.05,0.07,1.16,0.08,0.26,0.04,0.51,0.02,17.41,0.13,353,64,295,26,84,21
B2937_SM,RU,Amboy11,36,3.7,2.07,0.26,7.44,0.15,9.24,0.17,45.78,0.53,1.08,0.10,6.58,0.13,0.93,0.03,0.44,0.07,6.97,0.08,1.10,0.09,0.25,0.04,0.38,0.02,17.67,0.16,376,70,267,28,158,24
B2940_CS,RU,Amboy12,37,2.3,2.25,0.28,7.57,0.17,9.22,0.19,44.90,0.57,1.11,0.11,6.48,0.15,0.90,0.03,0.46,0.07,6.74,0.09,1.08,0.10,0.19,0.05,0.87,0.03,18.09,0.19,615,88,337,35,110,26
B2957_SM,SU,NorthPole2,66,8.5,2.38,0.20,7.14,0.11,8.83,0.16,44.29,0.40,0.94,0.08,7.80,0.09,0.91,0.02,0.52,0.06,6.72,0.05,1.03,0.07,0.30,0.03,0.37,0.01,18.63,0.12,489,44,514,17,46,15
B2960_cs,SD,NorthPole3,53,3.8,2.25,0.25,7.16,0.15,9.08,0.21,45.09,0.49,0.91,0.09,6.97,0.11,0.78,0.02,0.50,0.06,6.93,0.07,1.10,0.08,0.33,0.04,0.37,0.02,18.39,0.15,400,58,472,26,40,19
B2974_SM,RU,Oostark1,37,6.4,1.21,0.21,5.03,0.11,5.35,0.10,25.84,0.29,0.85,0.10,31.32,0.33,1.11,0.03,0.34,0.06,22.10,0.16,0.30,0.07,0.08,0.03,0.14,0.01,6.35,0.07,51,48,170,17,106,19
B2976_cs,RU,Oostark2,43,3.0,1.61,0.27,5.02,0.13,5.27,0.12,27.99,0.37,0.82,0.11,29.67,0.37,1.08,0.04,0.31,0.07,20.67,0.18,0.27,0.06,0.09,0.04,0.17,0.02,7.01,0.09,110,57,165,22,146,22
B2990_SM,RU,Grasberg1,57,9.4,2.28,0.19,6.03,0.09,8.21,0.10,44.43,0.39,1.09,0.08,8.49,0.10,1.88,0.03,0.63,0.06,5.71,0.05,0.97,0.07,0.23,0.03,0.22,0.01,19.64,0.13,425,46,863,22,448,21
B2992_CS,RU,Grasberg2,55,4.6,2.23,0.22,5.89,0.10,8.07,0.13,43.92,0.45,1.00,0.09,9.76,0.13,1.74,0.03,0.63,0.06,6.73,0.06,0.97,0.07,0.23,0.04,0.22,0.01,18.45,0.14,372,54,762,28,343,23
B2995_CS,RB,Grasberg1 brush,50,3.3,2.25,0.22,5.30,0.09,7.83,0.11,45.11,0.39,1.14,0.09,8.76,0.13,2.54,0.04,0.67,0.07,5.11,0.06,0.96,0.08,0.25,0.04,0.19,0.01,19.68,0.12,365,63,923,37,479,27
B3001_CS,RRB,Grasberg1 brush RAT brush,52,3.9,2.57,0.23,3.93,0.10,7.24,0.13,44.00,0.39,1.24,0.09,10.12,0.13,2.74,0.04,0.73,0.07,5.85,0.06,0.92,0.07,0.23,0.04,0.19,0.01,20.03,0.12,452,60,955,34,524,26
B3006_cs,RRB,Grasberg3 brush RAT offset,40,4.1,2.49,0.23,3.63,0.09,7.36,0.11,44.34,0.36,1.23,0.09,9.75,0.14,2.60,0.05,0.71,0.07,6.02,0.06,0.92,0.08,0.23,0.04,0.19,0.01,20.30,0.12,444,68,935,38,540,28
B3022_CS,RU,MonsCupri_asis,55,3.5,2.22,0.26,5.73,0.16,8.40,0.26,45.28,0.52,1.20,0.11,8.12,0.14,1.71,0.04,0.71,0.07,5.91,0.07,0.97,0.08,0.25,0.04,0.18,0.01,19.16,0.16,470,61,558,28,286,24
B3027_SM,RU,Rushall,53,23.9,2.03,0.17,6.97,0.07,7.69,0.08,40.77,0.29,0.95,0.07,13.91,0.11,0.95,0.01,0.49,0.06,7.51,0.04,0.86,0.06,0.25,0.03,0.28,0.01,17.24,0.07,379,37,390,11,210,15
B3064_SM,RU,Kirkwood_asis,54,12.0,2.28,0.19,8.30,0.10,9.88,0.12,49.40,0.43,0.75,0.07,4.57,0.06,1.04,0.02,0.50,0.06,5.11,0.04,0.83,0.07,0.29,0.03,0.23,0.01,16.70,0.11,817,46,131,10,100,15
B3067_SM,RB,Kirkwood1_brushed,68,13.2,2.44,0.17,8.47,0.08,9.91,0.09,49.14,0.29,0.74,0.07,4.50,0.05,1.08,0.01,0.49,0.06,5.03,0.03,0.79,0.06,0.30,0.03,0.22,0.01,16.74,0.07,881,43,134,8,112,14
B3073_SM,RU,Azilda_Asis,57,11.8,2.39,0.19,7.19,0.09,9.72,0.11,46.57,0.40,1.13,0.08,6.51,0.08,0.90,0.02,0.43,0.06,6.60,0.05,0.97,0.07,0.27,0.03,0.37,0.01,16.77,0.11,1004,48,207,11,158,16
B3076_SM,RB,Azilda1_brushed,59,12.3,2.56,0.19,7.74,0.09,10.64,0.12,48.73,0.41,1.41,0.08,4.05,0.06,0.78,0.01,0.34,0.06,6.30,0.04,0.90,0.07,0.26,0.03,0.35,0.01,15.78,0.10,1033,47,151,10,155,16
B3078_SM,RB,Azilda2_brushed,62,13.8,2.48,0.19,7.40,0.09,10.48,0.12,50.33,0.42,1.39,0.08,3.78,0.05,0.73,0.01,0.30,0.06,6.07,0.04,0.90,0.06,0.24,0.03,0.35,0.01,15.38,0.09,898,44,153,9,128,15
B3080_SM,RB,Azilda3_brushed,55,10.7,2.57,0.18,7.98,0.08,10.36,0.10,47.69,0.32,1.37,0.08,4.46,0.05,0.87,0.01,0.37,0.06,6.13,0.04,0.93,0.07,0.26,0.03,0.45,0.01,16.40,0.07,976,49,168,10,112,15
B3085_SM,RR,Azilda2_RAT1,58,14.8,2.75,0.19,7.67,0.09,10.84,0.12,50.59,0.42,1.44,0.08,2.35,0.04,0.52,0.01,0.28,0.06,6.06,0.04,0.91,0.06,0.24,0.03,0.37,0.01,15.80,0.10,951,45,128,9,43,14
B3087_SM,RR,Azilda2_RATbrush,59,20.9,2.55,0.18,7.91,0.09,10.60,0.11,51.18,0.41,1.50,0.07,2.47,0.03,0.53,0.01,0.28,0.05,5.98,0.04,0.87,0.06,0.24,0.03,0.36,0.01,15.38,0.09,922,41,134,7,48,13
B3094_SM,RU,Chelmsford2,56,12.5,2.46,0.17,7.58,0.08,9.46,0.09,46.38,0.28,1.25,0.07,6.64,0.07,1.36,0.02,0.35,0.06,6.79,0.04,0.93,0.06,0.24,0.03,0.61,0.01,15.80,0.06,813,45,261,11,172,16
B3096_SM,RU,Chelmsford3,57,19.5,2.42,0.16,7.60,0.07,8.98,0.08,45.09,0.27,1.28,0.07,7.62,0.07,1.63,0.02,0.37,0.06,7.15,0.04,0.92,0.06,0.25,0.03,0.53,0.01,15.99,0.06,815,41,331,10,154,14
B3138_CS,RU,Sandcherry_asis,52,2.8,2.24,0.21,7.59,0.11,8.33,0.12,43.47,0.35,1.24,0.09,9.06,0.13,1.76,0.04,0.42,0.06,7.58,0.08,0.88,0.08,0.23,0.04,0.36,0.02,16.65,0.10,762,72,445,29,318,25
B3144_SM,RB,Sandcherry_brushed,55,10.1,2.32,0.21,7.79,0.10,8.23,0.10,43.34,0.36,1.29,0.08,8.86,0.10,1.98,0.03,0.40,0.06,7.64,0.06,0.92,0.07,0.22,0.03,0.38,0.01,16.38,0.09,888,50,453,16,348,19
B3146_SM,RR,SandCherry_RAT,58,18.7,2.83,0.26,8.64,0.12,9.02,0.10,44.68,0.31,1.33,0.07,6.42,0.06,1.75,0.02,0.31,0.06,7.05,0.04,0.86,0.06,0.24,0.03,0.39,0.01,16.28,0.07,914,42,373,11,332,16
B3158_SM,RU,Onaping_asis,47,12.7,2.24,0.20,8.21,0.10,11.26,0.13,46.98,0.42,0.99,0.08,6.74,0.08,1.04,0.02,0.27,0.06,6.99,0.05,0.90,0.07,0.28,0.03,0.39,0.01,13.59,0.09,684,46,212,12,62,15
B3162_CS,RU,Onaping2,46,10.5,2.18,0.21,8.57,0.11,10.83,0.13,46.47,0.42,1.02,0.08,7.27,0.09,1.07,0.02,0.29,0.06,7.00,0.05,0.86,0.07,0.27,0.03,0.42,0.01,13.60,0.10,808,50,245,13,48,15
B3168_SM,RU,Vermillion_Cliffs1,50,7.3,2.25,0.22,8.09,0.12,10.27,0.14,45.00,0.43,1.04,0.08,8.71,0.11,1.27,0.02,0.31,0.06,7.16,0.06,0.83,0.07,0.26,0.03,0.40,0.01,14.24,0.11,868,54,216,15,312,20
B3171_SM,RU,Vermillion_Cliffs2,50,8.8,2.26,0.21,8.18,0.11,10.25,0.13,45.02,0.41,1.05,0.08,8.72,0.11,1.26,0.02,0.30,0.06,7.17,0.06,0.83,0.07,0.23,0.03,0.38,0.01,14.20,0.10,844,51,211,13,326,19
B3174_SM,RU,Vermilion_Lake1,51,8.9,2.14,0.18,7.23,0.08,8.63,0.09,44.40,0.29,1.12,0.08,9.26,0.10,1.47,0.02,0.51,0.06,7.33,0.05,1.00,0.07,0.26,0.03,0.40,0.01,16.07,0.07,741,50,577,18,93,16
B3177_CS,RU,Vermilion_Lake2,51,3.3,1.93,0.25,7.28,0.13,8.60,0.14,44.41,0.47,1.14,0.09,9.27,0.15,1.52,0.03,0.50,0.07,7.27,0.08,1.01,0.09,0.29,0.04,0.38,0.02,16.23,0.14,818,71,600,31,80,22
B3179_SM,RU,Vermilion_Cliffs2a,52,5.3,2.43,0.24,8.51,0.13,10.34,0.15,46.08,0.45,1.13,0.09,6.86,0.10,1.27,0.03,0.33,0.06,6.15,0.06,0.85,0.07,0.26,0.03,0.41,0.01,15.23,0.12,916,59,188,16,229,20
B3190_CS,RU,Ortiz1,54,9.0,2.21,0.20,6.44,0.09,8.69,0.11,42.64,0.39,1.17,0.08,12.14,0.13,0.90,0.02,0.33,0.06,9.81,0.07,0.78,0.07,0.25,0.03,0.54,0.01,13.98,0.10,694,48,167,12,227,18
B3192_CS,RU,Ortiz2,48,9.0,2.21,0.23,6.58,0.10,9.62,0.13,46.52,0.44,1.23,0.08,7.87,0.10,0.92,0.02,0.32,0.06,7.91,0.06,0.92,0.07,0.23,0.03,0.47,0.01,15.07,0.11,723,51,193,13,157,18
B3194_SM,RU,Ortiz3,54,18.0,2.18,0.16,6.60,0.07,9.14,0.08,45.28,0.27,1.14,0.07,9.43,0.08,0.84,0.01,0.35,0.06,8.47,0.05,0.89,0.06,0.27,0.03,0.48,0.01,14.81,0.06,668,40,198,9,208,15
B3200_SM,RU,Ortiz2B,59,11.4,2.09,0.19,6.28,0.08,8.57,0.11,41.98,0.37,1.17,0.08,13.51,0.13,0.95,0.02,0.27,0.06,10.35,0.07,0.78,0.06,0.22,0.03,0.47,0.01,13.24,0.09,670,44,144,10,208,17
B3207_CS,RU,Fullerton,44,17.9,2.31,0.21,7.41,0.10,10.37,0.12,48.04,0.39,1.62,0.09,5.39,0.07,0.96,0.02,0.36,0.06,5.51,0.04,0.96,0.07,0.22,0.03,0.29,0.01,16.39,0.08,935,48,194,11,54,15
B3208_CS,RU,Fullerton2,50,3.1,2.21,0.27,7.99,0.15,10.51,0.18,50.30,0.55,0.87,0.09,4.54,0.10,0.84,0.03,0.35,0.06,5.96,0.07,0.98,0.09,0.26,0.04,0.28,0.02,14.76,0.14,741,68,199,21,182,23
B3209_SM,RB,Fullerton3Brushed,52,7.4,2.25,0.21,8.22,0.11,10.47,0.13,50.14,0.45,0.89,0.08,4.64,0.07,0.85,0.02,0.33,0.06,5.81,0.05,0.96,0.08,0.29,0.03,0.28,0.01,14.75,0.11,738,51,176,13,159,18
B3214_SM,RU,FecunisLake,52,4.5,2.36,0.24,8.33,0.13,9.91,0.15,46.31,0.47,0.93,0.09,6.77,0.11,1.50,0.03,0.39,0.06,5.90,0.06,0.87,0.07,0.27,0.04,0.33,0.01,15.91,0.13,938,63,228,18,108,19
B3224_SM,RU,Maley,53,6.1,2.24,0.23,8.17,0.12,8.94,0.13,43.60,0.42,0.99,0.08,9.79,0.13,1.70,0.03,0.41,0.06,7.02,0.06,0.87,0.08,0.25,0.03,0.36,0.01,15.49,0.12,863,57,414,19,85,18
B3239_CS,RU,Lihir,46,2.9,1.66,0.33,5.89,0.19,12.92,0.28,58.44,0.66,1.19,0.11,6.25,0.13,1.58,0.04,0.37,0.06,4.03,0.06,1.16,0.08,0.32,0.04,0.16,0.01,5.80,0.08,644,60,304,22,114,20
B3247_CS,RU,SturgeonRiver1,47,12.0,2.17,0.19,7.76,0.10,9.65,0.12,48.86,0.43,0.80,0.07,5.22,0.07,1.04,0.02,0.46,0.06,5.50,0.04,0.87,0.07,0.29,0.03,0.29,0.01,16.96,0.11,691,48,199,12,88,16
B3248_CS,RU,SturgeonRiver2,45,10.5,2.41,0.20,8.14,0.10,10.06,0.12,48.83,0.44,0.88,0.07,4.78,0.07,0.99,0.02,0.30,0.06,5.46,0.05,0.81,0.07,0.28,0.03,0.25,0.01,16.69,0.11,724,50,159,12,53,16
B3249_SM,RU,SturgeonRiver1a,49,4.9,2.15,0.23,8.24,0.13,9.87,0.15,49.44,0.49,0.74,0.08,4.67,0.08,0.88,0.02,0.41,0.06,5.17,0.05,0.81,0.07,0.32,0.04,0.24,0.01,16.95,0.13,806,61,155,17,48,19
B3251_CS,RR,SturgeonRiver3_RAT,50,2.2,2.05,0.28,8.68,0.17,9.91,0.20,50.20,0.60,0.62,0.09,4.08,0.10,0.76,0.03,0.32,0.06,5.21,0.07,0.89,0.08,0.26,0.04,0.29,0.02,16.62,0.16,749,77,133,23,59,22
B3252_CS,RR,SturgeonRiver3_RAT1,50,2.3,2.32,0.43,8.77,0.24,9.94,0.22,50.10,0.59,0.70,0.09,4.08,0.10,0.76,0.03,0.35,0.06,5.01,0.07,0.74,0.08,0.34,0.04,0.28,0.02,16.49,0.16,849,78,111,23,44,22
B3253_SM,RR,SturgeonRiver3_RAT2,51,3.1,2.21,0.25,9.29,0.15,9.61,0.16,49.50,0.53,0.59,0.08,3.32,0.08,0.47,0.02,0.36,0.06,5.11,0.06,0.81,0.09,0.36,0.04,0.29,0.02,17.90,0.15,1165,76,132,20,57,19
B3262_SM,RU,Esperance,51,13.0,2.28,0.21,6.19,0.10,11.47,0.14,53.29,0.47,1.30,0.08,7.88,0.09,2.53,0.03,0.39,0.06,5.05,0.04,1.02,0.07,0.30,0.03,0.28,0.01,7.81,0.06,606,41,377,12,213,16
B3264_SM,RB,Esperance2,52,14.5,2.16,0.16,6.49,0.07,10.36,0.09,50.56,0.30,1.26,0.07,8.93,0.08,2.61,0.03,0.45,0.06,5.80,0.04,0.99,0.07,0.28,0.03,0.27,0.01,9.59,0.04,707,41,484,13,233,16
B3267_SM,RB,Esperance3,49,24.3,2.25,0.16,6.13,0.06,11.36,0.10,53.89,0.30,1.23,0.07,7.88,0.07,2.95,0.03,0.42,0.06,4.56,0.03,1.01,0.06,0.30,0.03,0.23,0.01,7.55,0.03,670,36,413,9,142,14
B3298_SM,RB,Esperance4,46,4.9,2.28,0.29,6.12,0.14,11.72,0.19,55.47,0.56,1.15,0.09,7.28,0.12,2.97,0.05,0.39,0.06,3.93,0.05,1.04,0.08,0.28,0.04,0.23,0.01,6.93,0.07,728,55,361,19,144,19
B3301_SM,RR,Esperance5_RAT,54,11.8,2.54,0.16,4.79,0.06,14.61,0.13,61.04,0.36,1.19,0.07,3.98,0.05,2.80,0.03,0.25,0.05,2.49,0.02,0.95,0.06,0.34,0.03,0.19,0.01,4.64,0.03,633,38,253,9,58,13
B3305_SM,RR,Esperance6_RAT2,55,8.9,2.25,0.23,4.73,0.12,15.37,0.21,62.45,0.56,1.14,0.08,3.28,0.06,2.32,0.03,0.24,0.06,2.14,0.02,0.93,0.07,0.34,0.03,0.19,0.01,4.43,0.04,622,40,238,10,35,14
B3332_CS,RU,Gnarlaroo,54,10.5,2.11,0.18,5.49,0.07,8.56,0.09,47.15,0.36,0.89,0.07,6.30,0.07,0.98,0.02,0.69,0.06,5.03,0.04,1.07,0.07,0.30,0.03,0.18,0.01,21.11,0.10,427,45,514,17,268,18
B3352_CS,RU,Tawny,47,1.5,1.83,0.52,6.80,0.28,7.58,0.31,40.68,0.64,0.96,0.13,11.93,0.24,0.81,0.04,0.54,0.07,6.54,0.10,0.82,0.11,0.27,0.05,0.27,0.03,20.87,0.22,339,86,322,40,348,35
B3373_CS,SU,QueenAdelaide,59,2.3,2.10,0.26,7.29,0.14,8.92,0.15,45.96,0.50,0.81,0.09,4.65,0.10,0.58,0.02,0.45,0.07,7.41,0.08,0.95,0.08,0.48,0.04,0.47,0.02,19.83,0.17,388,66,262,26,23,20
B3378_CS,RU,BlackShoulder,51,9.0,1.81,0.29,8.35,0.14,6.81,0.11,38.43,0.37,1.03,0.09,19.72,0.19,1.18,0.02,0.60,0.06,4.66,0.04,0.81,0.07,0.20,0.03,0.25,0.01,16.02,0.11,677,49,275,14,46,16
B3380_CS,RU,BlackShoulder2,44,3.0,1.79,0.25,7.73,0.12,7.16,0.11,39.32,0.36,1.03,0.09,17.65,0.21,1.17,0.03,0.55,0.07,5.59,0.07,0.84,0.08,0.22,0.04,0.30,0.02,16.54,0.10,616,72,319,28,77,20
B3381_CS,RU,BlackShoulder3,45,2.2,1.96,0.31,7.96,0.20,6.69,0.24,37.62,0.51,1.00,0.13,19.86,0.30,1.40,0.04,0.53,0.07,6.00,0.08,0.82,0.09,0.22,0.04,0.21,0.02,15.60,0.16,660,79,252,29,60,20
B3383_CS,RR,BlackShoulder_RAT,53,2.2,1.78,0.26,8.15,0.15,5.95,0.13,36.47,0.44,1.02,0.11,22.36,0.30,1.60,0.04,0.64,0.07,4.28,0.06,0.79,0.08,0.18,0.04,0.23,0.02,16.45,0.16,612,74,294,28,40,19
B3390_CS,RU,RedPoker,52,3.1,2.07,0.25,7.14,0.13,7.50,0.14,40.62,0.45,1.04,0.10,15.53,0.21,1.05,0.03,0.57,0.07,6.16,0.07,0.85,0.08,0.20,0.04,0.29,0.02,16.77,0.15,545,66,538,30,632,29
B3392_SM,RU,TickBush,45,6.7,2.89,0.23,5.65,0.11,12.47,0.15,48.17,0.46,1.21,0.08,4.49,0.08,0.98,0.02,0.57,0.06,7.16,0.06,1.08,0.09,0.11,0.03,1.00,0.02,14.00,0.11,913,58,696,24,51,17
B3396_SM,RU,TuckBush2,42,5.0,3.10,0.24,4.90,0.11,13.97,0.18,49.80,0.50,1.27,0.09,2.67,0.06,0.67,0.02,0.49,0.06,7.29,0.07,1.17,0.08,0.10,0.03,1.20,0.02,13.17,0.12,985,66,670,27,40,18
B3403_CS,RB,Platypus,53,3.0,2.13,0.24,4.43,0.11,8.22,0.13,46.20,0.50,1.00,0.09,8.65,0.14,1.44,0.03,0.78,0.07,5.91,0.07,1.05,0.08,0.27,0.04,0.18,0.02,19.52,0.17,368,63,764,35,1004,36
B3415_SM,RU,Dibbler,48,10.0,2.12,0.19,6.84,0.09,8.85,0.11,44.48,0.41,0.95,0.08,8.05,0.10,0.79,0.02,0.52,0.06,7.12,0.05,0.91,0.07,0.33,0.03,0.35,0.01,18.56,0.12,378,46,431,17,222,18
B3422_CS,RU,MonjonPurple,47,3.7,2.09,0.20,4.24,0.08,8.79,0.11,47.91,0.36,1.05,0.08,6.28,0.10,1.56,0.03,0.83,0.07,4.58,0.05,1.04,0.08,0.26,0.04,0.27,0.01,20.94,0.11,268,59,877,35,444,26
B3423_SM,RU,MonjonGrey,55,4.6,2.10,0.21,4.29,0.09,9.02,0.12,48.03,0.48,0.98,0.08,5.86,0.10,1.58,0.03,0.81,0.07,4.47,0.05,1.06,0.08,0.26,0.04,0.58,0.02,20.76,0.15,412,56,995,32,352,23
B3427_SM,RU,PovertyBush,55,6.5,2.01,0.19,4.87,0.08,7.60,0.10,42.57,0.36,1.08,0.08,13.06,0.13,1.68,0.03,0.60,0.06,7.62,0.06,0.90,0.07,0.22,0.03,0.21,0.01,17.43,0.10,134,43,800,23,685,24
B3434_CS,RB,WallyWombat,57,2.9,2.22,0.24,4.37,0.11,8.53,0.14,45.47,0.50,1.06,0.09,9.55,0.15,1.70,0.04,0.79,0.07,6.30,0.07,0.96,0.09,0.25,0.04,0.24,0.02,18.46,0.16,196,58,553,30,293,25
B3445_SM,RB,Callitris,54,6.2,1.54,0.22,5.52,0.11,6.71,0.16,39.45,0.40,1.06,0.10,18.77,0.20,0.84,0.02,0.49,0.06,7.46,0.06,0.82,0.07,0.21,0.03,0.15,0.01,16.93,0.12,275,48,330,18,65,16
B3463_CS,RB,Spinifex,53,4.1,2.32,0.22,8.85,0.13,8.76,0.14,45.68,0.47,1.18,0.09,5.52,0.10,0.95,0.02,0.70,0.07,6.18,0.06,1.04,0.08,0.22,0.04,0.78,0.02,17.63,0.14,537,59,460,24,706,29
B3468_CS,RU,Baobab,49,4.4,2.38,0.26,7.38,0.15,9.51,0.21,46.11,0.50,1.03,0.10,6.94,0.11,0.91,0.02,0.44,0.06,6.68,0.07,1.09,0.08,0.28,0.04,0.35,0.02,16.79,0.14,377,56,353,22,137,21
B3475_CS,SU,YGB,57,3.7,2.25,0.23,7.16,0.14,8.79,0.20,44.41,0.47,1.01,0.09,8.07,0.12,0.93,0.02,0.52,0.06,6.73,0.07,1.03,0.08,0.31,0.04,0.36,0.02,18.33,0.15,482,58,488,25,44,19
B3498_CS,RU,Tangalooma,47,4.9,2.04,0.20,8.58,0.11,9.43,0.11,45.74,0.35,1.15,0.08,7.82,0.11,0.74,0.02,0.23,0.06,6.29,0.06,1.09,0.08,0.20,0.03,0.36,0.01,16.25,0.09,523,57,118,16,97,18
B3502_CS,RU,MountTempest,49,4.7,2.39,0.21,7.48,0.10,10.30,0.12,46.32,0.35,1.18,0.08,6.25,0.09,0.75,0.02,0.30,0.06,7.14,0.06,1.16,0.08,0.21,0.03,0.40,0.01,16.07,0.09,342,52,87,14,43,16
B3522_CS,RU,CapeDarby,46,3.6,2.25,0.24,6.96,0.13,9.39,0.16,46.26,0.51,0.97,0.09,7.20,0.12,1.06,0.03,0.46,0.06,6.67,0.07,1.13,0.08,0.25,0.04,0.31,0.02,16.98,0.15,394,62,258,23,112,21
B3535_CS,RU,CapeDarby2,50,4.1,2.37,0.19,7.13,0.10,9.23,0.11,45.47,0.34,0.98,0.08,7.66,0.11,1.17,0.03,0.49,0.06,6.47,0.06,1.18,0.08,0.27,0.04,0.35,0.01,17.13,0.10,394,56,203,19,110,18
B3542_CS,RB,CapeElizabeth,51,2.3,2.54,0.29,8.01,0.19,9.06,0.28,44.69,0.55,0.89,0.11,9.17,0.16,1.12,0.03,0.36,0.06,5.92,0.08,0.96,0.09,0.20,0.04,0.26,0.02,16.73,0.16,447,68,121,22,78,20
B3546_CS,RU,PinnacleIsland,21,3.8,1.01,0.25,12.06,0.21,5.75,0.15,28.09,0.40,1.57,0.13,25.44,0.38,0.92,0.04,0.32,0.07,5.45,0.09,0.76,0.09,0.21,0.05,1.67,0.05,16.62,0.18,661,99,185,34,262,31
B3548_CS,RU,PinnacleIsland2,27,4.3,1.02,0.37,13.26,0.23,4.70,0.15,23.83,0.31,2.18,0.14,28.81,0.38,0.95,0.03,0.17,0.06,6.08,0.08,0.62,0.08,0.12,0.04,2.12,0.04,15.95,0.16,884,87,130,25,476,30
B3551_CS,RU,PinnacleIsland3,28,3.8,0.86,0.19,13.00,0.17,3.48,0.08,18.05,0.21,2.37,0.12,34.51,0.36,0.66,0.03,0.14,0.06,7.66,0.09,0.44,0.07,0.10,0.04,3.48,0.06,15.07,0.12,1001,93,155,27,334,28
B3560_CS,RU,PinnacleIsland4,19,3.0,1.57,0.29,9.43,0.21,7.57,0.20,36.19,0.53,1.33,0.13,16.44,0.31,0.91,0.04,0.41,0.07,5.69,0.10,0.91,0.10,0.22,0.05,1.30,0.05,17.94,0.21,354,111,204,43,144,34
B3564_CS,RU,PinnacleIsland5,28,3.1,0.84,0.24,11.50,0.20,3.68,0.11,20.13,0.30,2.44,0.14,32.70,0.46,0.65,0.03,0.13,0.06,8.26,0.11,0.58,0.08,0.10,0.04,3.35,0.07,15.50,0.17,736,96,116,29,269,32
B3569_CS,RB,GreenIsland,53,4.0,2.53,0.22,7.31,0.12,8.89,0.14,43.30,0.45,0.99,0.09,10.48,0.15,1.54,0.03,0.37,0.06,6.38,0.06,1.02,0.08,0.19,0.04,0.27,0.01,16.66,0.14,376,55,152,17,65,18
B3573_CS,RU,StuartIsland1,51,4.6,0.93,0.17,12.31,0.13,5.67,0.08,27.32,0.24,1.08,0.09,28.20,0.25,0.22,0.01,0.18,0.06,5.36,0.05,0.78,0.07,0.13,0.03,1.57,0.03,16.18,0.10,547,57,82,15,40,16
B3574_CS,RU,StuartIsland2,56,3.1,0.82,0.20,14.49,0.19,4.38,0.09,22.52,0.27,0.91,0.10,33.31,0.37,0.26,0.02,0.12,0.06,3.75,0.05,0.65,0.08,0.17,0.04,2.01,0.04,16.53,0.14,715,66,111,18,88,20
B3575_CS,RU,StuartIsland3,45,3.3,0.53,0.21,15.58,0.21,3.60,0.08,16.08,0.21,0.98,0.11,38.21,0.43,0.21,0.02,0.09,0.06,4.05,0.06,0.57,0.08,0.14,0.04,2.85,0.05,16.97,0.15,1024,78,175,22,77,21
B3577_CS,RU,StuartIsland4,50,3.8,0.86,0.20,11.65,0.16,4.87,0.09,25.62,0.30,1.40,0.10,28.95,0.33,0.33,0.02,0.28,0.06,4.85,0.06,0.65,0.08,0.16,0.04,3.37,0.05,16.84,0.14,1022,72,231,21,77,20
B3581_CS,SD,AnchorPoint1,40,4.2,1.74,0.33,8.14,0.15,7.00,0.11,37.77,0.35,1.82,0.10,15.09,0.18,0.43,0.02,0.33,0.06,7.28,0.07,0.95,0.08,0.35,0.04,0.75,0.02,18.23,0.12,372,62,218,21,117,19
B3583_CS,SD,AnchorPoint2,53,4.7,1.92,0.21,8.52,0.12,7.86,0.12,39.31,0.40,1.53,0.09,12.06,0.15,0.45,0.02,0.35,0.06,7.07,0.07,1.07,0.08,0.38,0.04,1.01,0.02,18.34,0.14,603,58,198,18,180,20
B3587_CS,RU,SledgeIsland1,43,4.1,2.48,0.25,6.35,0.13,10.44,0.16,47.64,0.51,0.82,0.09,7.74,0.13,0.65,0.02,0.28,0.06,9.65,0.09,0.63,0.07,0.21,0.04,0.30,0.02,12.76,0.12,123,51,138,18,94,19
B3598_CS,RB,TurnagainArm,52,1.7,2.32,0.31,8.05,0.22,9.10,0.31,44.48,0.60,0.95,0.11,9.37,0.19,1.36,0.04,0.36,0.07,5.98,0.09,1.04,0.10,0.20,0.04,0.28,0.02,16.40,0.17,453,76,114,25,167,26
B3603_CS,RU,Augustine,51,4.2,2.15,0.19,7.95,0.10,11.00,0.13,46.70,0.35,0.98,0.08,4.66,0.08,0.53,0.02,0.32,0.06,7.09,0.06,1.20,0.08,0.21,0.03,0.29,0.01,16.86,0.10,449,56,101,15,15,16
B3616_CS,RU,PointBede,55,10.5,2.19,0.18,7.77,0.10,11.01,0.12,46.10,0.41,0.65,0.07,5.35,0.07,0.61,0.01,0.28,0.06,6.77,0.05,1.23,0.07,0.20,0.03,0.31,0.01,17.47,0.11,438,43,107,10,58,15
B3630_CS,SU,MulgraveHills,53,3.4,2.30,0.24,7.19,0.13,9.67,0.16,46.73,0.50,0.97,0.09,5.61,0.10,0.78,0.02,0.55,0.07,7.52,0.08,1.12,0.09,0.32,0.04,0.34,0.02,16.79,0.14,285,56,226,21,93,20
B3657_CS,RU,AshMeadows,42,9.0,2.34,0.20,7.25,0.10,9.43,0.15,45.29,0.37,1.07,0.08,7.38,0.09,0.92,0.02,0.45,0.06,6.85,0.05,1.05,0.07,0.23,0.03,0.29,0.01,17.36,0.09,364,49,148,13,273,19
B3664_CS,RU,BristolWell1,45,9.0,2.15,0.20,6.98,0.10,8.50,0.12,42.78,0.40,1.01,0.08,11.00,0.13,0.95,0.02,0.49,0.06,9.42,0.07,0.94,0.07,0.27,0.03,0.34,0.01,15.08,0.11,312,47,321,17,75,17
B3666_CS,RU,BristolWell2,45,9.0,2.03,0.20,6.86,0.10,8.25,0.11,41.95,0.40,1.06,0.08,12.04,0.14,0.97,0.02,0.45,0.06,10.00,0.07,0.92,0.07,0.26,0.03,0.33,0.01,14.83,0.11,269,46,302,16,81,17
B3667_CS,RU,BristolWell3,34,3.7,2.03,0.28,7.14,0.15,8.89,0.18,45.36,0.53,1.00,0.10,7.36,0.14,1.05,0.03,0.50,0.07,7.17,0.09,1.15,0.09,0.27,0.04,0.36,0.02,17.61,0.16,365,73,361,30,102,24
B3671_SM,RB,Sarcobatus_Flat1,51,5.0,2.30,0.23,7.78,0.15,8.84,0.22,44.92,0.46,1.17,0.10,7.10,0.11,1.92,0.03,0.48,0.06,6.38,0.06,0.98,0.07,0.23,0.03,0.24,0.01,17.58,0.11,293,52,162,16,98,18
B3675_CS,RU,Sarcobatus_Clast,25,2.7,1.90,0.33,6.98,0.24,9.89,0.35,45.99,0.68,1.09,0.13,6.40,0.17,1.06,0.04,0.51,0.07,7.72,0.11,1.15,0.12,0.20,0.05,0.51,0.03,16.49,0.19,193,89,295,40,69,27
B3676_CS,RU,Sarcobatus_Clast2,28,9.0,2.00,0.22,6.21,0.12,11.23,0.15,46.21,0.46,1.61,0.09,6.12,0.10,0.83,0.02,0.44,0.06,8.17,0.07,1.41,0.09,0.14,0.04,0.27,0.01,15.28,0.12,292,57,151,18,69,19
B3679_CS,RU,Landshut,37,9.0,2.21,0.21,7.14,0.11,9.08,0.13,45.00,0.44,1.00,0.08,6.88,0.10,0.88,0.02,0.52,0.06,7.24,0.06,1.09,0.07,0.34,0.04,0.36,0.01,18.20,0.13,352,52,331,19,95,18
B3700_CS,RU,Mayfield,52,3.2,2.24,0.24,7.42,0.13,9.07,0.14,45.04,0.47,1.10,0.09,7.21,0.12,1.23,0.03,0.50,0.06,7.16,0.08,1.02,0.08,0.27,0.04,0.27,0.02,17.37,0.15,415,62,273,24,96,20
B3707_CS,RU,Sodaville,44,12.0,2.29,0.20,7.42,0.10,9.18,0.11,45.42,0.41,1.01,0.08,6.69,0.08,1.12,0.02,0.55,0.06,6.56,0.05,1.11,0.07,0.28,0.03,0.25,0.01,18.03,0.12,391,45,372,16,71,17
B3708_CS,RU,Tuscaloosa,49,3.9,2.13,0.24,8.20,0.14,9.10,0.15,45.88,0.48,1.11,0.09,7.18,0.12,1.19,0.03,0.41,0.06,6.20,0.07,1.05,0.08,0.19,0.04,0.14,0.01,17.14,0.14,371,59,132,18,117,21
B3709_CS,RU,Sodaville2,32,12.0,2.22,0.23,7.34,0.14,9.25,0.22,45.65,0.45,1.07,0.09,6.56,0.09,1.24,0.02,0.52,0.06,6.75,0.06,1.12,0.08,0.24,0.03,0.23,0.01,17.71,0.12,305,50,325,18,87,18
B3720_CS,SD,Trebia,52,9.0,2.34,0.20,7.21,0.10,9.57,0.12,46.06,0.42,0.99,0.08,5.16,0.07,0.78,0.02,0.47,0.06,7.39,0.06,1.12,0.07,0.35,0.03,0.34,0.01,18.14,0.12,278,44,237,14,94,17
B3727_CS,SD,Barstow,55,2.9,2.36,0.26,7.43,0.17,9.32,0.25,45.65,0.52,0.89,0.10,5.11,0.10,0.64,0.02,0.48,0.06,7.22,0.08,1.18,0.08,0.49,0.04,0.38,0.02,18.76,0.16,271,59,267,24,65,20
B3734_CS,RU,RosebudCanyon,51,9.0,2.17,0.19,5.33,0.08,8.37,0.11,46.01,0.42,0.85,0.08,7.82,0.10,1.59,0.02,0.70,0.06,5.75,0.05,1.03,0.07,0.26,0.03,0.12,0.01,19.78,0.13,419,48,718,21,559,23
B3741_CS,RU,CapeFairweather1,52,3.4,1.86,0.39,7.31,0.20,7.15,0.16,39.56,0.44,1.02,0.10,17.88,0.23,0.88,0.03,0.51,0.06,6.38,0.07,0.78,0.08,0.19,0.04,0.18,0.01,16.22,0.14,311,58,276,22,114,20
B3742_CS,RU,CapeFairweather2,42,2.4,2.01,0.43,7.39,0.20,7.71,0.14,42.31,0.49,0.98,0.10,12.66,0.20,0.83,0.03,0.55,0.07,6.29,0.08,0.94,0.08,0.32,0.04,0.34,0.02,17.54,0.15,318,72,477,34,297,26
B3748_CS,SD,IcyStrait,54,12.0,2.22,0.19,7.34,0.09,9.06,0.11,45.62,0.40,0.88,0.07,5.56,0.07,0.65,0.01,0.48,0.06,7.20,0.05,1.07,0.07,0.46,0.03,0.40,0.01,18.97,0.12,332,42,279,13,45,15
B3753_CS,RU,MountEdgecumbe,55,10.5,2.67,0.19,6.71,0.09,11.42,0.13,46.68,0.42,1.16,0.08,4.66,0.06,0.68,0.01,0.45,0.06,7.63,0.05,1.33,0.07,0.21,0.03,0.34,0.01,15.91,0.10,794,48,252,12,56,15
B3796_CS,RB,HooverONbrushed,52,9.0,2.04,0.30,6.54,0.14,7.56,0.12,42.20,0.39,1.19,0.09,9.71,0.11,1.61,0.02,0.54,0.06,7.72,0.06,0.97,0.07,0.22,0.03,0.34,0.01,19.20,0.13,549,50,666,21,44,15
B3800_CS,RU,Victory1,30,7.5,2.65,0.23,6.15,0.10,11.99,0.14,47.73,0.43,1.29,0.09,4.02,0.07,0.64,0.02,0.41,0.06,7.53,0.07,1.21,0.08,0.19,0.04,0.30,0.01,15.86,0.11,116,54,112,17,20,17
B3802_CS,RU,Victory2,36,9.0,2.72,0.22,6.09,0.10,12.30,0.16,47.79,0.46,1.31,0.08,3.73,0.07,0.61,0.02,0.38,0.06,7.46,0.06,1.31,0.09,0.17,0.03,0.30,0.01,15.79,0.12,152,47,124,14,31,17
B3809_CS,RU,Margarete,55,7.5,2.82,0.21,6.05,0.10,12.56,0.15,48.20,0.45,1.17,0.08,4.02,0.06,0.46,0.01,0.39,0.06,7.32,0.06,1.21,0.07,0.17,0.03,0.35,0.01,15.22,0.11,303,44,103,11,17,15
B3812_CS,RB,Margarete_Brush,55,2.5,2.75,0.28,6.23,0.14,12.56,0.19,48.37,0.52,1.20,0.10,3.72,0.09,0.42,0.02,0.36,0.06,7.35,0.08,1.23,0.09,0.18,0.04,0.36,0.02,15.23,0.14,289,61,111,19,20,17
B3819_CS,RU,Birmingham,30,7.5,2.46,0.23,6.47,0.11,11.23,0.16,46.70,0.47,1.28,0.09,4.93,0.08,0.98,0.02,0.47,0.06,7.56,0.07,1.15,0.08,0.15,0.04,0.34,0.01,16.10,0.12,452,61,262,21,153,19
B3836_CS,SU,RockCreek,53,3.1,2.21,0.25,7.06,0.13,9.51,0.16,45.56,0.50,1.06,0.09,6.53,0.12,0.88,0.03,0.49,0.06,7.18,0.08,1.09,0.09,0.27,0.04,0.34,0.02,17.76,0.15,282,59,257,23,125,23
B3848_CS,RU,Cottondale1,49,2.6,1.88,0.28,6.03,0.17,7.18,0.23,36.09,0.48,1.02,0.13,19.15,0.27,0.85,0.03,0.39,0.07,13.24,0.13,0.72,0.08,0.25,0.04,0.27,0.02,12.87,0.13,199,60,192,23,102,22
B3849_CS,RU,Cottondale2,48,2.7,1.90,0.23,6.27,0.11,7.87,0.12,39.31,0.35,1.11,0.09,15.17,0.19,0.87,0.03,0.44,0.06,10.70,0.10,0.91,0.08,0.20,0.04,0.34,0.02,14.86,0.10,254,62,171,23,98,20
B3851_CS,RB,Calera,52,9.0,2.30,0.19,7.02,0.09,8.73,0.11,43.19,0.40,1.19,0.08,10.69,0.12,0.99,0.02,0.43,0.06,6.56,0.05,1.10,0.07,0.20,0.03,0.46,0.01,17.06,0.12,483,47,163,13,78,16
B3853_CS,RB,Calera2,38,2.9,2.08,0.27,6.90,0.15,8.72,0.17,43.56,0.52,1.18,0.10,10.76,0.19,0.89,0.03,0.46,0.07,6.47,0.08,1.08,0.09,0.20,0.04,0.50,0.02,17.12,0.17,420,73,133,24,86,21
B3856_CS,RB,LocustFork,51,2.3,2.32,0.28,6.88,0.15,8.93,0.17,43.35,0.51,1.19,0.10,11.04,0.18,1.11,0.03,0.42,0.07,6.28,0.08,1.10,0.09,0.20,0.04,0.50,0.02,16.60,0.16,332,66,161,23,60,21
B3925_CS,SU,LiverEatingJohnson,26,3.0,1.60,0.30,6.92,0.19,8.72,0.20,45.66,0.59,1.00,0.11,6.96,0.16,0.79,0.03,0.54,0.07,7.28,0.10,0.99,0.10,0.36,0.05,0.39,0.03,18.69,0.20,294,87,350,40,31,25
B3935_CS,RU,JeanBaptisteCharbonneau,51,2.2,3.27,0.27,4.04,0.19,16.16,0.33,52.70,0.51,0.92,0.11,3.19,0.09,0.51,0.02,0.44,0.07,7.25,0.08,0.91,0.08,0.01,0.03,0.18,0.01,10.35,0.08,0,20,50,16,86,19
B3951_SM,RB,SgtCFloyd_Brush,52,3.8,2.39,0.26,10.96,0.17,12.55,0.19,48.85,0.51,0.97,0.09,2.80,0.07,0.53,0.02,0.28,0.06,5.71,0.06,0.73,0.07,0.27,0.04,0.28,0.01,13.65,0.12,21,46,74,15,27,18
B3952_CS,RB,SgtCFloyd2_Brush,53,1.8,2.52,0.30,10.65,0.20,12.26,0.23,48.63,0.58,1.01,0.10,3.04,0.09,0.57,0.02,0.29,0.06,5.77,0.08,0.67,0.08,0.26,0.04,0.25,0.02,14.04,0.15,107,59,85,21,21,20
B3953_CS,RB,SgtCFloyd3_Brush,54,1.8,2.43,0.32,10.46,0.20,12.53,0.21,48.40,0.55,1.01,0.10,3.09,0.10,0.52,0.02,0.30,0.06,5.81,0.08,0.58,0.08,0.27,0.04,0.29,0.02,14.27,0.15,0,21,69,21,78,22
B3959_CS,RU,SgtNathanielPryor,45,2.0,2.74,0.25,4.27,0.10,18.39,0.22,51.65,0.46,0.85,0.09,2.88,0.08,0.48,0.02,0.29,0.06,8.47,0.10,0.63,0.08,0.03,0.04,0.16,0.01,9.07,0.08,0,20,111,21,32,18
B3961_SM,RU,SgtNathanielPryor2,49,4.4,2.88,0.27,4.61,0.14,18.22,0.25,51.10,0.52,0.81,0.09,2.81,0.07,0.47,0.02,0.25,0.06,8.43,0.08,0.53,0.08,0.05,0.03,0.17,0.01,9.57,0.09,0,20,63,13,26,17
B3970_CS,RB,Athens_Brush,49,9.0,1.82,0.26,7.88,0.12,8.31,0.10,44.03,0.35,0.97,0.08,15.81,0.15,0.65,0.02,0.38,0.06,5.87,0.04,0.96,0.07,0.20,0.03,0.18,0.01,12.82,0.07,737,48,100,11,55,15
B3975_CS,RB,Thessaloniki,59,9.0,1.86,0.17,7.54,0.08,8.34,0.09,43.76,0.28,0.75,0.07,15.21,0.13,0.88,0.02,0.40,0.06,5.09,0.04,0.95,0.07,0.19,0.03,0.20,0.01,14.74,0.07,562,44,163,11,33,14
B3977_CS,RB,Thessaloniki2,41,1.7,1.82,0.34,7.43,0.19,8.74,0.21,45.07,0.60,0.65,0.11,14.78,0.27,0.69,0.03,0.39,0.07,4.66,0.08,1.01,0.09,0.17,0.05,0.19,0.02,14.30,0.17,533,86,103,28,19,25
B3978_CS,RB,Thessaloniki3,50,1.8,1.77,0.51,7.63,0.28,8.49,0.23,44.06,0.56,0.70,0.12,14.63,0.25,0.86,0.03,0.42,0.07,5.11,0.08,0.97,0.09,0.22,0.04,0.21,0.02,14.83,0.16,457,76,187,29,39,20
B3984_CS,RU,Thermopylae1,39,7.5,1.98,0.22,7.18,0.11,8.71,0.12,43.46,0.42,2.35,0.10,10.75,0.14,0.77,0.02,0.40,0.06,5.88,0.06,1.04,0.09,0.20,0.03,0.30,0.01,16.84,0.13,772,59,148,16,67,17
B3986_CS,RU,Thermopylae2,35,9.0,1.56,0.22,6.74,0.13,9.36,0.19,49.99,0.50,1.34,0.10,10.16,0.13,0.76,0.02,0.47,0.06,6.18,0.06,1.13,0.08,0.22,0.03,0.17,0.01,11.72,0.10,502,52,104,14,80,17
B3991_CS,RU,Thermopylae3,29,7.5,1.63,0.22,6.68,0.14,8.75,0.21,43.82,0.48,0.97,0.10,11.06,0.15,1.09,0.03,0.45,0.06,6.88,0.07,1.01,0.08,0.22,0.04,0.34,0.02,16.99,0.14,521,64,184,20,60,19
B3993_CS,RU,Thermopylae4,46,9.0,2.21,0.22,6.88,0.13,10.02,0.20,46.56,0.44,0.89,0.08,5.82,0.08,0.70,0.02,0.47,0.06,7.40,0.06,1.02,0.07,0.39,0.03,0.34,0.01,17.21,0.12,308,47,231,15,73,16
